Workbook
Name ST2.0MapDeliveryVariants: '[1]Map Cut'!$G$52:$G$72

Sheet Variants
A1: Variants | D1: x | E1: x | F1: x | I1: x | M1: x | N1: x | O1: x | P1: x | Q1: (x) | R1: x | S1: (x) | T1: x | U1: TBD | V1: x | W1: x | X1: x | Y1: x | Z1: x
A2: 1 | B2: 2 | C2: 3 | D2: 4 | E2: 5 | F2: 6 | G2: 7 | H2: 8 | I2: 9 | J2: 10 | K2: 11 | L2: 12 | M2: 13 | N2: 14 | O2: 15 | P2: 16 | Q2: 17 | R2: 18 | S2: 19 | T2: 20 | U2: 21 | V2: 22 | W2: 23 | X2: 24 | Y2: 25 | Z2: 25 | AA2: 26 | AB2: 27 | AC2: 28 | AD2: 29 | AE2: 30 | AF2: 31 | AG2: 32 | AH2: 33
A3: SW_Variant_ID / FCID | B3: SW_Variant_ID / FCID (HEX) | C3: Grouping (only naming) | D3: Board ID/DTB | E3: Platform | F3: RFS | G3: RFS (as in Manifest) | H3: China Encoder | I3: Navigation | J3: Customer (fixed by RFS) | K3: Type (fixed by RFS) | L3: HMI (fixed by RFS) | M3: Partitioning Schema 1 (1st eMMC) | N3: Partitioning Schema 2 (2nd eMMC) | O3: SDB Data | P3: Gracenote | Q3: V850 (depends on Board-ID) | R3: ADR_FW_Type | S3: Arkamys (Part of ADR) | T3: SXM | U3: eCore | V3: Map Data (only for production) | W3: GNSS | X3: FPGA (Sub-PCB) CPLD (Fascia) | Y3: CPLD (PORT EXTENDER) | Z3: Serial NOR for Ethernet Switch | AA3: Transferred to PD | AB3: HW-Variant ID ERNIE | AC3: Bosch Partnumber (HW-Index) | AD3: GenCtrl | AE3: Tryout Asset | AF3: Added | AG3: Sample Build | AH3: Comment
A4: 1 | B4: =DEC2HEX(A4,4) -> 0001 | C4: Nissan Scope 0 (Scope 1) EUR | D4: 0682 (DL) | E4: imx | F4: RFS_GEN3_1 | G4: nivic | H4: No_Chenc | I4: No_Navigation | J4: Nissan | K4: DA-Entry | L4: Nissan_HMI_Scope_1.0 | M4: PARTITION_SCHEMA8_NissanScope1 | N4: NO_EMMC | O4: No_SDB | P4: =IF(AND(OR(INDIRECT("K" & ROW())="NAV-Premium",INDIRECT("K" & ROW())="DA-Premium"),INDIRECT("M" & ROW())="PARTITION_SCHEMA128__NavPiviJpn", INDIRECT("O" & ROW())="JPN_SDB"),'SDB vs GN'!$B$41, IF(INDIRECT("H" & ROW())="Chenc",'SDB vs GN'!$B$40, VLOOKUP(INDIRECT("O" & ROW()),'SDB vs GN'!$A$16:$B$38,2,FALSE))) -> No_Gracenote | Q4: V850_Scope_1 | R4: AARS_IVI_S1_NA_FM | S4: No_Arkamys | T4: SXM_not_updatable | U4: No_eCore | V4: No_Map | W4: GNSS_not_updatable | X4: FPGA_and_CPLD_not_updatable | Y4: NO_CPLD_PEXT | Z4: NO_ETH_SWITCH | AB4: 385 531 346 530 | AC4: 7.510.750.804-01 (HW03), 7.510.750.804-97 (HW03), 7.500.750.801-01 ( ' ' ), 7.500.750.801-97 ( ' ' ) | AD4: use | AH4: Separation of FCIDs regarding MID, Entry, DA shall be done in the future if needed. Scope 1 V850 does not work with Teseo. Therefore Teseo can not be updated. Changed in Variant table
A5: 2 | B5: =DEC2HEX(A5,4) -> 0002 | C5: Nissan Scope 0 (Scope 1) EUR | D5: 0681 (DL) | E5: imx | F5: RFS_GEN3_1 | G5: nivic | H5: No_Chenc | I5: No_Navigation | J5: Nissan | K5: DA-Entry | L5: Nissan_HMI_Scope_1.0 | M5: PARTITION_SCHEMA8_NissanScope1 | N5: NO_EMMC | O5: No_SDB | P5: =IF(AND(OR(INDIRECT("K" & ROW())="NAV-Premium",INDIRECT("K" & ROW())="DA-Premium"),INDIRECT("M" & ROW())="PARTITION_SCHEMA128__NavPiviJpn", INDIRECT("O" & ROW())="JPN_SDB"),'SDB vs GN'!$B$41, IF(INDIRECT("H" & ROW())="Chenc",'SDB vs GN'!$B$40, VLOOKUP(INDIRECT("O" & ROW()),'SDB vs GN'!$A$16:$B$38,2,FALSE))) -> No_Gracenote | Q5: V850_Scope_1 | R5: AARS_IVI_S1_NA_FM | S5: No_Arkamys | T5: SXM_not_updatable | U5: No_eCore | V5: No_Map | W5: GNSS_not_updatable | X5: FPGA_and_CPLD_not_updatable | Y5: NO_CPLD_PEXT | Z5: NO_ETH_SWITCH | AB5: 388 352 | AC5: 7.510.750.800-99 (' '), 7.510.750.801-01 ( ' ' ) | AD5: use | AH5: Scope 1 V850 does not work with Teseo. Therefore Teseo can not be updated. Changed in Variant table
A6: 3 | B6: =DEC2HEX(A6,4) -> 0003 | C6: Nissan Scope 0 (Scope 2) EUR FM | D6: 0681 (DL) | E6: imx | F6: RFS_GEN3_2 | G6: rnaivi_nav | H6: No_Chenc | I6: Bosch_Navigation | J6: Nissan | K6: NAV-Entry | L6: Nissan_HMI_Scope_2.0 | M6: PARTITION_SCHEMA16__Nav | N6: NO_EMMC | O6: EUL_SDB | P6: =IF(AND(OR(INDIRECT("K" & ROW())="NAV-Premium",INDIRECT("K" & ROW())="DA-Premium"),INDIRECT("M" & ROW())="PARTITION_SCHEMA128__NavPiviJpn", INDIRECT("O" & ROW())="JPN_SDB"),'SDB vs GN'!$B$41, IF(INDIRECT("H" & ROW())="Chenc",'SDB vs GN'!$B$40, VLOOKUP(INDIRECT("O" & ROW()),'SDB vs GN'!$A$16:$B$38,2,FALSE))) -> 731_EUR | Q6: V850_Scope_1 | R6: AARS_IVI_S1_NA_FM | S6: No_Arkamys | T6: SXM_not_updatable | U6: No_eCore | V6: EUR_ST2.0_N_ENTRY | W6: GNSS_not_updatable | X6: FPGA_and_CPLD_not_updatable | Y6: NO_CPLD_PEXT | Z6: NO_ETH_SWITCH | AD6: use | AH6: Scope 1 V850 does not work with Teseo. Therefore Teseo can not be updated. Changed in Variant table
A7: 4 | B7: =DEC2HEX(A7,4) -> 0004 | C7: Nissan Scope 0 (Scope 2) EUR DAB | D7: 0681 (DL) | E7: imx | F7: RFS_GEN3_2 | G7: rnaivi_nav | H7: No_Chenc | I7: Bosch_Navigation | J7: Nissan | K7: NAV-Entry | L7: Nissan_HMI_Scope_2.0 | M7: PARTITION_SCHEMA16__Nav | N7: NO_EMMC | O7: EUL_SDB | P7: =IF(AND(OR(INDIRECT("K" & ROW())="NAV-Premium",INDIRECT("K" & ROW())="DA-Premium"),INDIRECT("M" & ROW())="PARTITION_SCHEMA128__NavPiviJpn", INDIRECT("O" & ROW())="JPN_SDB"),'SDB vs GN'!$B$41, IF(INDIRECT("H" & ROW())="Chenc",'SDB vs GN'!$B$40, VLOOKUP(INDIRECT("O" & ROW()),'SDB vs GN'!$A$16:$B$38,2,FALSE))) -> 731_EUR | Q7: V850_Scope_1 | R7: AARS_IVI_S0_NA_DAB | S7: No_Arkamys | T7: SXM_not_updatable | U7: No_eCore | V7: EUR_ST2.0_N_ENTRY | W7: GNSS_not_updatable | X7: FPGA_and_CPLD_not_updatable | Y7: NO_CPLD_PEXT | Z7: NO_ETH_SWITCH | AB7: 533 534 | AC7: 7.510.750.800-98 ( ' ' ), 7.510.750.801-98( ' ' ) | AD7: use | AH7: Scope 1 V850 does not work with Teseo. Therefore Teseo can not be updated. Changed in Variant table
A8: 5 | B8: =DEC2HEX(A8,4) -> 0005 | C8: Nissan Scope 0 (Scope 2) NAR | D8: 0681 (DL) | E8: imx | F8: RFS_GEN3_2 | G8: rnaivi_nav | H8: No_Chenc | I8: Bosch_Navigation | J8: Nissan | K8: NAV-Entry | L8: Nissan_HMI_Scope_2.0 | M8: PARTITION_SCHEMA16__Nav | N8: NO_EMMC | O8: NAM_SDB | P8: =IF(AND(OR(INDIRECT("K" & ROW())="NAV-Premium",INDIRECT("K" & ROW())="DA-Premium"),INDIRECT("M" & ROW())="PARTITION_SCHEMA128__NavPiviJpn", INDIRECT("O" & ROW())="JPN_SDB"),'SDB vs GN'!$B$41, IF(INDIRECT("H" & ROW())="Chenc",'SDB vs GN'!$B$40, VLOOKUP(INDIRECT("O" & ROW()),'SDB vs GN'!$A$16:$B$38,2,FALSE))) -> 727_NAM | Q8: V850_Scope_1 | R8: AARS_IVI_S0_NA_HD | S8: No_Arkamys | T8: SXM_updatable | U8: No_eCore | V8: NAM_ST2.0_N_ENTRY | W8: GNSS_not_updatable | X8: FPGA_and_CPLD_not_updatable | Y8: NO_CPLD_PEXT | Z8: NO_ETH_SWITCH | AB8: 389 351 | AC8: 7.510.750.801-99 ( ' ' ), 7.510.750.800-01 ( ' ' ) | AD8: use | AH8: Changed to FCID 5 to support also SDS correctly. In addition ADR set to AARS_IVI_S1_NA_FM in order to have correclty working ADR SW. ADR SW ADR3_IVI_S0_NA_HD is to old. Scope 1 V850 does not work with Teseo. Therefore Teseo can not be updated. Changed in Variant table
A9: 17 | B9: =DEC2HEX(A9,4) -> 0011 | C9: Nissan Scope 1 | D9: 0686 (Single) | E9: imx | F9: RFS_GEN3_1 | G9: nivic | H9: No_Chenc | I9: No_Navigation | J9: Nissan | K9: DA-Entry | L9: Nissan_HMI_Scope_1.0 | M9: PARTITION_SCHEMA8_NissanScope1 | N9: NO_EMMC | O9: No_SDB | P9: =IF(AND(OR(INDIRECT("K" & ROW())="NAV-Premium",INDIRECT("K" & ROW())="DA-Premium"),INDIRECT("M" & ROW())="PARTITION_SCHEMA128__NavPiviJpn", INDIRECT("O" & ROW())="JPN_SDB"),'SDB vs GN'!$B$41, IF(INDIRECT("H" & ROW())="Chenc",'SDB vs GN'!$B$40, VLOOKUP(INDIRECT("O" & ROW()),'SDB vs GN'!$A$16:$B$38,2,FALSE))) -> No_Gracenote | Q9: V850_Scope_1 | R9: AARS_IVI_S1_NA_FM | S9: No_Arkamys | T9: SXM_not_updatable | U9: No_eCore | V9: No_Map | W9: GNSS_not_updatable | X9: FPGA_and_CPLD_not_updatable | Y9: NO_CPLD_PEXT | Z9: NO_ETH_SWITCH | AB9: 386 386 377 350 429 436 | AC9: 7.510.750.804-01 (HW04), 7.510.750.804-97 (HW04), 7.503.750.804-01 (HW05), 7.503.750.801-01 (HW05), 7.503.750.804-02 (HW05), 7.503.750.801-02 (HW05) | AD9: use | AH9: 7.505.750806-03
A10: 6 | B10: =DEC2HEX(A10,4) -> 0006 | C10: Nissan Scope 1 (Miyata edition) | D10: 0685 (Single) | E10: imx | F10: RFS_GEN3_1 | G10: nivic | H10: No_Chenc | I10: No_Navigation | J10: Nissan | K10: DA-Entry | L10: Nissan_HMI_Scope_1.0 | M10: PARTITION_SCHEMA8_NissanScope1 | N10: NO_EMMC | O10: No_SDB | P10: =IF(AND(OR(INDIRECT("K" & ROW())="NAV-Premium",INDIRECT("K" & ROW())="DA-Premium"),INDIRECT("M" & ROW())="PARTITION_SCHEMA128__NavPiviJpn", INDIRECT("O" & ROW())="JPN_SDB"),'SDB vs GN'!$B$41, IF(INDIRECT("H" & ROW())="Chenc",'SDB vs GN'!$B$40, VLOOKUP(INDIRECT("O" & ROW()),'SDB vs GN'!$A$16:$B$38,2,FALSE))) -> No_Gracenote | Q10: V850_Scope_1 | R10: AARS_IVI_S1_NA_FM | S10: No_Arkamys | T10: SXM_not_updatable | U10: No_eCore | V10: No_Map | W10: GNSS_not_updatable | X10: FPGA_and_CPLD_not_updatable | Y10: NO_CPLD_PEXT | Z10: NO_ETH_SWITCH | AD10: use
A11: 7 | B11: =DEC2HEX(A11,4) -> 0007 | C11: Nissan Scope 2 MID Navi NAR (HD) | D11: 0683 (DL) | E11: imx | F11: RFS_GEN3_2 | G11: rnaivi_nav | H11: No_Chenc | I11: Bosch_Navigation | J11: Nissan | K11: NAV-Mid | L11: Nissan_HMI_Scope_2.0 | M11: PARTITION_SCHEMA32__NavSmallSdb | N11: NO_EMMC | O11: NAM_SDB | P11: =IF(AND(OR(INDIRECT("K" & ROW())="NAV-Premium",INDIRECT("K" & ROW())="DA-Premium"),INDIRECT("M" & ROW())="PARTITION_SCHEMA128__NavPiviJpn", INDIRECT("O" & ROW())="JPN_SDB"),'SDB vs GN'!$B$41, IF(INDIRECT("H" & ROW())="Chenc",'SDB vs GN'!$B$40, VLOOKUP(INDIRECT("O" & ROW()),'SDB vs GN'!$A$16:$B$38,2,FALSE))) -> 727_NAM | Q11: V850_Scope_2 | R11: AARS_IVI_S2_AC_HD | S11: Arkamys_Classic | T11: SXM_updatable | U11: No_eCore | V11: NAM_ST2.0_N_MID | W11: Teseo_2_updatable | X11: FPGA_and_CPLD_not_updatable | Y11: NO_CPLD_PEXT | Z11: NO_ETH_SWITCH | AB11: 353 355 | AC11: 7.510.750.827-01, 7.510.750.805-01 (HW02;HW03) | AD11: use
A12: 8 | B12: =DEC2HEX(A12,4) -> 0008 | C12: Nissan Scope 2 MID Navi NAR (FM) | D12: 0683 (DL) | E12: imx | F12: RFS_GEN3_2 | G12: rnaivi_nav | H12: No_Chenc | I12: Bosch_Navigation | J12: Nissan | K12: NAV-Mid | L12: Nissan_HMI_Scope_2.0 | M12: PARTITION_SCHEMA32__NavSmallSdb | N12: NO_EMMC | O12: NAM_SDB | P12: =IF(AND(OR(INDIRECT("K" & ROW())="NAV-Premium",INDIRECT("K" & ROW())="DA-Premium"),INDIRECT("M" & ROW())="PARTITION_SCHEMA128__NavPiviJpn", INDIRECT("O" & ROW())="JPN_SDB"),'SDB vs GN'!$B$41, IF(INDIRECT("H" & ROW())="Chenc",'SDB vs GN'!$B$40, VLOOKUP(INDIRECT("O" & ROW()),'SDB vs GN'!$A$16:$B$38,2,FALSE))) -> 727_NAM | Q12: V850_Scope_2 | R12: AARS_IVI_S2_AC_FM | S12: Arkamys_Classic | T12: SXM_updatable | U12: No_eCore | V12: NAM_ST2.0_N_MID | W12: Teseo_2_updatable | X12: FPGA_and_CPLD_not_updatable | Y12: NO_CPLD_PEXT | Z12: NO_ETH_SWITCH | AD12: use
A13: 9 | B13: =DEC2HEX(A13,4) -> 0009 | C13: Nissan Scope 2 MID Navi NAR (MEX) | D13: 0683 (DL) | E13: imx | F13: RFS_GEN3_2 | G13: rnaivi_nav | H13: No_Chenc | I13: Bosch_Navigation | J13: Nissan | K13: NAV-Mid | L13: Nissan_HMI_Scope_2.0 | M13: PARTITION_SCHEMA32__NavSmallSdb | N13: NO_EMMC | O13: NAM_SDB | P13: =IF(AND(OR(INDIRECT("K" & ROW())="NAV-Premium",INDIRECT("K" & ROW())="DA-Premium"),INDIRECT("M" & ROW())="PARTITION_SCHEMA128__NavPiviJpn", INDIRECT("O" & ROW())="JPN_SDB"),'SDB vs GN'!$B$41, IF(INDIRECT("H" & ROW())="Chenc",'SDB vs GN'!$B$40, VLOOKUP(INDIRECT("O" & ROW()),'SDB vs GN'!$A$16:$B$38,2,FALSE))) -> 727_NAM | Q13: V850_Scope_2 | R13: AARS_IVI_S2_AC_FM | S13: Arkamys_Classic | T13: SXM_not_updatable | U13: No_eCore | V13: NAMEX_ST2.0_N_MID | W13: Teseo_2_updatable | X13: FPGA_and_CPLD_not_updatable | Y13: NO_CPLD_PEXT | Z13: NO_ETH_SWITCH | AD13: use
A14: 10 | B14: =DEC2HEX(A14,4) -> 000A | C14: Nissan Scope 2 MID Navi EUR (DAB) | D14: 0683 (DL) | E14: imx | F14: RFS_GEN3_2 | G14: rnaivi_nav | H14: No_Chenc | I14: Bosch_Navigation | J14: Nissan | K14: NAV-Mid | L14: Nissan_HMI_Scope_2.0 | M14: PARTITION_SCHEMA32__NavLargeSdb | N14: NO_EMMC | O14: EUR_SDB | P14: =IF(AND(OR(INDIRECT("K" & ROW())="NAV-Premium",INDIRECT("K" & ROW())="DA-Premium"),INDIRECT("M" & ROW())="PARTITION_SCHEMA128__NavPiviJpn", INDIRECT("O" & ROW())="JPN_SDB"),'SDB vs GN'!$B$41, IF(INDIRECT("H" & ROW())="Chenc",'SDB vs GN'!$B$40, VLOOKUP(INDIRECT("O" & ROW()),'SDB vs GN'!$A$16:$B$38,2,FALSE))) -> 731_EUR | Q14: V850_Scope_2 | R14: AARS_IVI_S2_AC_DAB | S14: Arkamys_Classic | T14: SXM_not_updatable | U14: No_eCore | V14: EUR_ST2.0_N_MID | W14: Teseo_2_updatable | X14: FPGA_and_CPLD_not_updatable | Y14: NO_CPLD_PEXT | Z14: NO_ETH_SWITCH | AB14: 356, 383 | AC14: 7.510.750.803-01 (HW02;HW03) | AD14: use
A15: 11 | B15: =DEC2HEX(A15,4) -> 000B | C15: Nissan Scope 2 NAV-Mid JPN(JPN) (DARC) | D15: 0684 (Quad) | E15: imx | F15: RFS_GEN3_2J | G15: rnaivi_nav_jpn | H15: No_Chenc | I15: Japan_Navigation | J15: Nissan | K15: NAV-Mid | L15: Nissan_HMI_Scope_2.0 | M15: PARTITION_SCHEMA32__NavSmallSdb | N15: NO_EMMC | O15: JPN_SDB | P15: =IF(AND(OR(INDIRECT("K" & ROW())="NAV-Premium",INDIRECT("K" & ROW())="DA-Premium"),INDIRECT("M" & ROW())="PARTITION_SCHEMA128__NavPiviJpn", INDIRECT("O" & ROW())="JPN_SDB"),'SDB vs GN'!$B$41, IF(INDIRECT("H" & ROW())="Chenc",'SDB vs GN'!$B$40, VLOOKUP(INDIRECT("O" & ROW()),'SDB vs GN'!$A$16:$B$38,2,FALSE))) -> 742_JPN_831_AUSKRJPN | Q15: V850_Scope_2 | R15: AARS_IVI_S2_AC_DARC | S15: Arkamys_Classic | T15: SXM_not_updatable | U15: No_eCore | V15: Japan (ST2.0_N_MID) | W15: Teseo_2_updatable | X15: FPGA_and_CPLD_not_updatable | Y15: NO_CPLD_PEXT | Z15: NO_ETH_SWITCH | AD15: block
A16: 12 | B16: =DEC2HEX(A16,4) -> 000C | C16: Nissan Scope 2 DA-MID NAR (HD) | D16: ??? (Single) | E16: imx | F16: RFS_GEN3_3 | G16: rnaivi_da | H16: No_Chenc | I16: No_Navigation | J16: Nissan | K16: DA-Mid | L16: Nissan_HMI_Scope_2.0 | M16: PARTITION_SCHEMA8__DASdb | N16: NO_EMMC | O16: NAM_SDB | P16: =IF(AND(OR(INDIRECT("K" & ROW())="NAV-Premium",INDIRECT("K" & ROW())="DA-Premium"),INDIRECT("M" & ROW())="PARTITION_SCHEMA128__NavPiviJpn", INDIRECT("O" & ROW())="JPN_SDB"),'SDB vs GN'!$B$41, IF(INDIRECT("H" & ROW())="Chenc",'SDB vs GN'!$B$40, VLOOKUP(INDIRECT("O" & ROW()),'SDB vs GN'!$A$16:$B$38,2,FALSE))) -> 727_NAM | Q16: V850_Scope_2 | R16: AARS_IVI_S2_AC_HD | S16: Arkamys_Classic | T16: SXM_updatable | U16: No_eCore | V16: No_Map | W16: GNSS_not_updatable | X16: FPGA_and_CPLD_not_updatable | Y16: NO_CPLD_PEXT | Z16: NO_ETH_SWITCH | AD16: use
A17: 13 | B17: =DEC2HEX(A17,4) -> 000D | C17: DevSample Nissan Scope 2 MID Navi EUR (DAB) | D17: 0684 (Quad) | E17: imx | F17: RFS_GEN3_2 | G17: rnaivi_nav | H17: No_Chenc | I17: Bosch_Navigation | J17: Nissan | K17: NAV-Mid | L17: Nissan_HMI_Scope_2.0 | M17: PARTITION_SCHEMA64__NavRenault | N17: NO_EMMC | O17: EUR_SDB | P17: =IF(AND(OR(INDIRECT("K" & ROW())="NAV-Premium",INDIRECT("K" & ROW())="DA-Premium"),INDIRECT("M" & ROW())="PARTITION_SCHEMA128__NavPiviJpn", INDIRECT("O" & ROW())="JPN_SDB"),'SDB vs GN'!$B$41, IF(INDIRECT("H" & ROW())="Chenc",'SDB vs GN'!$B$40, VLOOKUP(INDIRECT("O" & ROW()),'SDB vs GN'!$A$16:$B$38,2,FALSE))) -> 731_EUR | Q17: V850_Scope_2 | R17: AARS_IVI_S2_AC_DAB | S17: Arkamys_Classic | T17: SXM_not_updatable | U17: No_eCore | V17: EUR_ST2.0_N_MID | W17: Teseo_2_updatable | X17: FPGA_and_CPLD_not_updatable | Y17: NO_CPLD_PEXT | Z17: NO_ETH_SWITCH | AB17: 384 | AC17: 7.510.750.828-01 (HW03) | AD17: use | AF17: would repart
A18: 14 | B18: =DEC2HEX(A18,4) -> 000E | C18: Nissan Scope 2 MID Navi EUR (AMFM) | D18: ??? (Quad) | E18: imx | F18: RFS_GEN3_2 | G18: rnaivi_nav | H18: No_Chenc | I18: Bosch_Navigation | J18: Nissan | K18: NAV-Mid | L18: Nissan_HMI_Scope_2.0 | M18: PARTITION_SCHEMA32__NavLargeSdb | N18: NO_EMMC | O18: EUR_SDB | P18: =IF(AND(OR(INDIRECT("K" & ROW())="NAV-Premium",INDIRECT("K" & ROW())="DA-Premium"),INDIRECT("M" & ROW())="PARTITION_SCHEMA128__NavPiviJpn", INDIRECT("O" & ROW())="JPN_SDB"),'SDB vs GN'!$B$41, IF(INDIRECT("H" & ROW())="Chenc",'SDB vs GN'!$B$40, VLOOKUP(INDIRECT("O" & ROW()),'SDB vs GN'!$A$16:$B$38,2,FALSE))) -> 731_EUR | Q18: V850_Scope_2 | R18: AARS_IVI_S2_AC_FM | S18: Arkamys_Classic | T18: SXM_not_updatable | U18: No_eCore | V18: EUR_ST2.0_N_MID | W18: Teseo_2_updatable | X18: FPGA_and_CPLD_not_updatable | Y18: NO_CPLD_PEXT | Z18: NO_ETH_SWITCH | AD18: use | AH18: Changed grouping name to Nissan, but anyway there is no corresponding part at the moment.
A19: 15 | B19: =DEC2HEX(A19,4) -> 000F | C19: B-Sample: Nissan Scope 2 MID Navi EUR (DAB) | D19: 0689 (DL) | E19: imx | F19: RFS_GEN3_2 | G19: rnaivi_nav | H19: No_Chenc | I19: Bosch_Navigation | J19: Nissan | K19: NAV-Mid | L19: Nissan_HMI_Scope_2.0 | M19: PARTITION_SCHEMA32__NavLargeSdb | N19: NO_EMMC | O19: EUR_SDB | P19: =IF(AND(OR(INDIRECT("K" & ROW())="NAV-Premium",INDIRECT("K" & ROW())="DA-Premium"),INDIRECT("M" & ROW())="PARTITION_SCHEMA128__NavPiviJpn", INDIRECT("O" & ROW())="JPN_SDB"),'SDB vs GN'!$B$41, IF(INDIRECT("H" & ROW())="Chenc",'SDB vs GN'!$B$40, VLOOKUP(INDIRECT("O" & ROW()),'SDB vs GN'!$A$16:$B$38,2,FALSE))) -> 731_EUR | Q19: V850_Scope_2 | R19: AARS_IVI_S2_AC_DAB | S19: Arkamys_Classic | T19: SXM_not_updatable | U19: No_eCore | V19: EUR_ST2.0_N_MID | W19: Teseo_2_updatable | X19: FPGA_and_CPLD_not_updatable | Y19: NO_CPLD_PEXT | Z19: NO_ETH_SWITCH | AB19: 361 365 360 | AC19: 7.510.750.835-01, 7.510.750.812-01, 7.510.750.809-01 | AD19: use | AH19: [06.06.16] 0x689 = Teseo 2 (checked OK)
A20: 16 | B20: =DEC2HEX(A20,4) -> 0010 | C20: B-Sample: Nissan Scope 2 MID Navi NAR (HD) | D20: 0689 (DL) | E20: imx | F20: RFS_GEN3_2 | G20: rnaivi_nav | H20: No_Chenc | I20: Bosch_Navigation | J20: Nissan | K20: NAV-Mid | L20: Nissan_HMI_Scope_2.0 | M20: PARTITION_SCHEMA32__NavSmallSdb | N20: NO_EMMC | O20: NAM_SDB | P20: =IF(AND(OR(INDIRECT("K" & ROW())="NAV-Premium",INDIRECT("K" & ROW())="DA-Premium"),INDIRECT("M" & ROW())="PARTITION_SCHEMA128__NavPiviJpn", INDIRECT("O" & ROW())="JPN_SDB"),'SDB vs GN'!$B$41, IF(INDIRECT("H" & ROW())="Chenc",'SDB vs GN'!$B$40, VLOOKUP(INDIRECT("O" & ROW()),'SDB vs GN'!$A$16:$B$38,2,FALSE))) -> 727_NAM | Q20: V850_Scope_2 | R20: AARS_IVI_S2_AC_HD | S20: Arkamys_Classic | T20: SXM_updatable | U20: No_eCore | V20: NAM_ST2.0_N_MID | W20: Teseo_2_updatable | X20: FPGA_and_CPLD_not_updatable | Y20: NO_CPLD_PEXT | Z20: NO_ETH_SWITCH | AB20: 364 362 363 359 | AC20: 7.510.750.838-01, 7.510.750.836-01, 7.510.750.811-01, 7.510.750.810-01 | AD20: use | AH20: [06.06.16] 0x689 = Teseo 2 (checked OK)
A21: 18 | B21: =DEC2HEX(A21,4) -> 0012 | C21: Renault Scope 2 MID Navi EUR DAB (FM) eCore | D21: 068E (Quad) | E21: imx | F21: RFS_GEN3_5 | G21: rivie_nav_full | H21: No_Chenc | I21: Bosch_Navigation | J21: Renault | K21: NAV-Full | L21: Renault_HMI_Scope_2.1 | M21: PARTITION_SCHEMA64__ST2X_NavRenault | N21: NO_EMMC | O21: EUR_SDB | P21: =IF(AND(OR(INDIRECT("K" & ROW())="NAV-Premium",INDIRECT("K" & ROW())="DA-Premium"),INDIRECT("M" & ROW())="PARTITION_SCHEMA128__NavPiviJpn", INDIRECT("O" & ROW())="JPN_SDB"),'SDB vs GN'!$B$41, IF(INDIRECT("H" & ROW())="Chenc",'SDB vs GN'!$B$40, VLOOKUP(INDIRECT("O" & ROW()),'SDB vs GN'!$A$16:$B$38,2,FALSE))) -> 731_EUR | Q21: V850_Scope_2 | R21: AARS_IVI_S2_AC_DAB | S21: Arkamys_Classic | T21: SXM_not_updatable | U21: eCore | V21: EUR_LP_ST2.1_R_MID | W21: Teseo_2_updatable | X21: FPGA_and_CPLD_not_updatable | Y21: NO_CPLD_PEXT | Z21: NO_ETH_SWITCH | AB21: 370 | AC21: 7.510.750.806-01 (' ') | AD21: use | AH21: [06.06.16] 0x68E = Teseo 2 (checked OK).
A22: 19 | B22: =DEC2HEX(A22,4) -> 0013 | C22: Nissan Scope 2 DA-MID RUS (AM/FM) | D22: 068C (Single) | E22: imx | F22: RFS_GEN3_3 | G22: rnaivi_da | H22: No_Chenc | I22: No_Navigation | J22: Nissan | K22: DA-Mid | L22: Nissan_HMI_Scope_2.0 | M22: PARTITION_SCHEMA8__DASdb | N22: NO_EMMC | O22: DA2_SDB | P22: =IF(AND(OR(INDIRECT("K" & ROW())="NAV-Premium",INDIRECT("K" & ROW())="DA-Premium"),INDIRECT("M" & ROW())="PARTITION_SCHEMA128__NavPiviJpn", INDIRECT("O" & ROW())="JPN_SDB"),'SDB vs GN'!$B$41, IF(INDIRECT("H" & ROW())="Chenc",'SDB vs GN'!$B$40, VLOOKUP(INDIRECT("O" & ROW()),'SDB vs GN'!$A$16:$B$38,2,FALSE))) -> 735_LA_831_AUSKRJPN | Q22: V850_Scope_2 | R22: AARS_IVI_S2_AC_FM | S22: Arkamys_Classic | T22: SXM_not_updatable | U22: No_eCore | V22: No_Map | W22: GNSS_not_updatable | X22: FPGA_and_CPLD_not_updatable | Y22: NO_CPLD_PEXT | Z22: NO_ETH_SWITCH | AB22: 343 | AC22: 7.500.750.802-01 (' ') | AD22: use | AH22: [06.06.16] 0x68C = Teseo 2 (checked OK). BUT no Navi therefore GNSS_not_updatable.
A23: 20 | B23: =DEC2HEX(A23,4) -> 0014 | C23: A-Sample: Nissan Scope 2 DA-MID NAR (FM) | D23: 0688 (Single) | E23: imx | F23: RFS_GEN3_3 | G23: rnaivi_da | H23: No_Chenc | I23: No_Navigation | J23: Nissan | K23: DA-Mid | L23: Nissan_HMI_Scope_2.0 | M23: PARTITION_SCHEMA32__NavSmallSdb | N23: NO_EMMC | O23: NAM_SDB | P23: =IF(AND(OR(INDIRECT("K" & ROW())="NAV-Premium",INDIRECT("K" & ROW())="DA-Premium"),INDIRECT("M" & ROW())="PARTITION_SCHEMA128__NavPiviJpn", INDIRECT("O" & ROW())="JPN_SDB"),'SDB vs GN'!$B$41, IF(INDIRECT("H" & ROW())="Chenc",'SDB vs GN'!$B$40, VLOOKUP(INDIRECT("O" & ROW()),'SDB vs GN'!$A$16:$B$38,2,FALSE))) -> 727_NAM | Q23: V850_Scope_2 | R23: AARS_IVI_S2_AC_FM | S23: Arkamys_Classic | T23: SXM_updatable | U23: No_eCore | V23: No_Map | W23: GNSS_not_updatable | X23: FPGA_and_CPLD_not_updatable | Y23: NO_CPLD_PEXT | Z23: NO_ETH_SWITCH | AB23: 390, 391, 392, 393 | AC23: 7.500.750.800-01 (' ') | AD23: use | AH23: 687 und 688 haben die selbe Teilenummer in der Variantenmatrix. Problem! Lösung: - Umbau auf 32 GB, d.h. auf 688 migrieren - Crashen erwartet Partition scheme was weired, but accepted as OK.
A24: 21 | B24: =DEC2HEX(A24,4) -> 0015 | C24: B-Sample: Nissan Scope 2 Entry Navi EUR (DAB) | D24: 068A (Single) | E24: imx | F24: RFS_GEN3_2 | G24: rnaivi_nav | H24: No_Chenc | I24: Bosch_Navigation | J24: Nissan | K24: NAV-Entry | L24: Nissan_HMI_Scope_2.0 | M24: PARTITION_SCHEMA32__NavLargeSdb | N24: NO_EMMC | O24: EUR_SDB | P24: =IF(AND(OR(INDIRECT("K" & ROW())="NAV-Premium",INDIRECT("K" & ROW())="DA-Premium"),INDIRECT("M" & ROW())="PARTITION_SCHEMA128__NavPiviJpn", INDIRECT("O" & ROW())="JPN_SDB"),'SDB vs GN'!$B$41, IF(INDIRECT("H" & ROW())="Chenc",'SDB vs GN'!$B$40, VLOOKUP(INDIRECT("O" & ROW()),'SDB vs GN'!$A$16:$B$38,2,FALSE))) -> 731_EUR | Q24: V850_Scope_2 | R24: AARS_IVI_S2_AC_DAB | S24: Arkamys_Classic | T24: SXM_not_updatable | U24: No_eCore | V24: EUR_ST2.0_N_ENTRY | W24: Teseo_2_updatable | X24: FPGA_and_CPLD_not_updatable | Y24: NO_CPLD_PEXT | Z24: NO_ETH_SWITCH | AB24: 368 369 | AC24: 7.510.750.826-01, 7.510.750.839-01 | AD24: use | AH24: [06.06.16] 0x68A = Teseo 2 (checked OK)
A25: 22 | B25: =DEC2HEX(A25,4) -> 0016 | C25: A-Sample: Renault Scope 2.1 Entry Navi EUR (DAB) | D25: 0691 (DL) | E25: imx | F25: RFS_GEN3_4 | G25: rivie_nav | H25: No_Chenc | I25: Bosch_Navigation | J25: Renault | K25: NAV-Entry | L25: Renault_HMI_Scope_2.1 | M25: PARTITION_SCHEMA16__ST2X_NavRenault | N25: NO_EMMC | O25: EUL_SDB | P25: =IF(AND(OR(INDIRECT("K" & ROW())="NAV-Premium",INDIRECT("K" & ROW())="DA-Premium"),INDIRECT("M" & ROW())="PARTITION_SCHEMA128__NavPiviJpn", INDIRECT("O" & ROW())="JPN_SDB"),'SDB vs GN'!$B$41, IF(INDIRECT("H" & ROW())="Chenc",'SDB vs GN'!$B$40, VLOOKUP(INDIRECT("O" & ROW()),'SDB vs GN'!$A$16:$B$38,2,FALSE))) -> 731_EUR | Q25: V850_Scope_2 | R25: AARS_IVI_S2_AC_DAB | S25: Arkamys_Classic | T25: SXM_not_updatable | U25: No_eCore | V25: EUR_LP_ST2.1_R_ENTRY | W25: Teseo_3_updatable | X25: FPGA_and_CPLD_not_updatable | Y25: NO_CPLD_PEXT | Z25: NO_ETH_SWITCH | AB25: 381 | AC25: 7.510.750.807-01 (' ') | AD25: block | AH25: [06.06.16] Inconsistencies for this variant. According to variant table Board-ID changed from 0x68A (Teseo 2, SingleCore) to 0x691 (Teseo 3, DualLite). Changed to 0x691 (Teseo 3, DualLite) for partnumber 7.510.750.807-01( ' ' ) based on VariantMatrix
A26: 23 | B26: =DEC2HEX(A26,4) -> 0017 | C26: A-Sample: Renault Scope 2.1 Entry Navi EUR (DAB) | D26: 068D (Single) | E26: imx | F26: RFS_GEN3_4 | G26: rivie_nav | H26: No_Chenc | I26: Bosch_Navigation | J26: Renault | K26: NAV-Entry | L26: Renault_HMI_Scope_2.1 | M26: PARTITION_SCHEMA16__ST2X_NavRenault | N26: NO_EMMC | O26: EUL_SDB | P26: =IF(AND(OR(INDIRECT("K" & ROW())="NAV-Premium",INDIRECT("K" & ROW())="DA-Premium"),INDIRECT("M" & ROW())="PARTITION_SCHEMA128__NavPiviJpn", INDIRECT("O" & ROW())="JPN_SDB"),'SDB vs GN'!$B$41, IF(INDIRECT("H" & ROW())="Chenc",'SDB vs GN'!$B$40, VLOOKUP(INDIRECT("O" & ROW()),'SDB vs GN'!$A$16:$B$38,2,FALSE))) -> 731_EUR | Q26: V850_Scope_2 | R26: AARS_IVI_S2_AC_DAB | S26: Arkamys_Classic | T26: SXM_not_updatable | U26: No_eCore | V26: EUR_LP_ST2.1_R_ENTRY | W26: Teseo_2_updatable | X26: FPGA_and_CPLD_not_updatable | Y26: NO_CPLD_PEXT | Z26: NO_ETH_SWITCH | AB26: 372 | AC26: 7.510.750.829-01 (' ') | AD26: block | AH26: Variantentabelle hatte 16 GB als CRQ und 32GB als Ist-Stand gelistet. Reduziert von 32 GB auf 16 GB. [06.06.16] 0x68D = Teseo 2 (checked OK).
A27: 24 | B27: =DEC2HEX(A27,4) -> 0018 | C27: Nissan Scope 2 NAV-Mid JPN(JPN) (DARC) | D27: 068B (Quad) | E27: imx | F27: RFS_GEN3_2J | G27: rnaivi_nav_jpn | H27: No_Chenc | I27: Japan_Navigation | J27: Nissan | K27: NAV-Mid | L27: Nissan_HMI_Scope_2.0 | M27: PARTITION_SCHEMA32__NavSmallSdb | N27: NO_EMMC | O27: JPN_SDB | P27: =IF(AND(OR(INDIRECT("K" & ROW())="NAV-Premium",INDIRECT("K" & ROW())="DA-Premium"),INDIRECT("M" & ROW())="PARTITION_SCHEMA128__NavPiviJpn", INDIRECT("O" & ROW())="JPN_SDB"),'SDB vs GN'!$B$41, IF(INDIRECT("H" & ROW())="Chenc",'SDB vs GN'!$B$40, VLOOKUP(INDIRECT("O" & ROW()),'SDB vs GN'!$A$16:$B$38,2,FALSE))) -> 742_JPN_831_AUSKRJPN | Q27: V850_Scope_2 | R27: AARS_IVI_S2_AC_DARC | S27: Arkamys_Classic | T27: SXM_not_updatable | U27: No_eCore | V27: Japan (ST2.0_N_MID) | W27: Teseo_2_updatable | X27: FPGA_updatable | Y27: NO_CPLD_PEXT | Z27: NO_ETH_SWITCH | AB27: 367 | AC27: 7.510.750.837-01 | AD27: block | AH27: Partition scheme was weared, but accepted as OK.[06.06.16] 0x68B = Teseo 2 (checked OK)
A28: 25 | B28: =DEC2HEX(A28,4) -> 0019 | C28: Renault Scope 2 MID Navi NAR (FM) eCore | D28: 068E (Quad) | E28: imx | F28: RFS_GEN3_5 | G28: rivie_nav_full | H28: No_Chenc | I28: Bosch_Navigation | J28: Renault | K28: NAV-Full | L28: Renault_HMI_Scope_2.1 | M28: PARTITION_SCHEMA64__ST2X_NavRenault | N28: NO_EMMC | O28: NAM_SDB | P28: =IF(AND(OR(INDIRECT("K" & ROW())="NAV-Premium",INDIRECT("K" & ROW())="DA-Premium"),INDIRECT("M" & ROW())="PARTITION_SCHEMA128__NavPiviJpn", INDIRECT("O" & ROW())="JPN_SDB"),'SDB vs GN'!$B$41, IF(INDIRECT("H" & ROW())="Chenc",'SDB vs GN'!$B$40, VLOOKUP(INDIRECT("O" & ROW()),'SDB vs GN'!$A$16:$B$38,2,FALSE))) -> 727_NAM | Q28: V850_Scope_2 | R28: AARS_IVI_S2_AC_HD | S28: Arkamys_Classic | T28: SXM_updatable | U28: eCore | V28: NAM_LP_ST2.1_R_MID | W28: Teseo_2_updatable | X28: FPGA_and_CPLD_not_updatable | Y28: NO_CPLD_PEXT | Z28: NO_ETH_SWITCH | AB28: 371 | AC28: 7.510.750.834-01 (' ') | AD28: use | AH28: [06.06.16] 0x68E = Teseo 2 (checked OK). [wzr2hi, 22.08.16] This is the only Renault-Variant with SXM
A29: 26 | B29: =DEC2HEX(A29,4) -> 001A | C29: Nissan Scope 2 DA-MID NAR (AM/FM) | D29: 068C (Single) | E29: imx | F29: RFS_GEN3_3 | G29: rnaivi_da | H29: No_Chenc | I29: No_Navigation | J29: Nissan | K29: DA-Mid | L29: Nissan_HMI_Scope_2.0 | M29: PARTITION_SCHEMA8__DASdb | N29: NO_EMMC | O29: NAM_SDB | P29: =IF(AND(OR(INDIRECT("K" & ROW())="NAV-Premium",INDIRECT("K" & ROW())="DA-Premium"),INDIRECT("M" & ROW())="PARTITION_SCHEMA128__NavPiviJpn", INDIRECT("O" & ROW())="JPN_SDB"),'SDB vs GN'!$B$41, IF(INDIRECT("H" & ROW())="Chenc",'SDB vs GN'!$B$40, VLOOKUP(INDIRECT("O" & ROW()),'SDB vs GN'!$A$16:$B$38,2,FALSE))) -> 727_NAM | Q29: V850_Scope_2 | R29: AARS_IVI_S2_AC_HD | S29: Arkamys_Classic | T29: SXM_updatable | U29: No_eCore | V29: No_Map | W29: GNSS_not_updatable | X29: FPGA_and_CPLD_not_updatable | Y29: NO_CPLD_PEXT | Z29: NO_ETH_SWITCH | AB29: 453 | AC29: 7.500.750.812-01 (' ') | AD29: use | AH29: Variantentabelle wurde aktualisiert und SWUP-Tabelle nachgezogen. [06.06.16] 0x68C = Teseo 2 (checked OK). BUT no Navi therefore GNSS_not_updatable.
A30: 27 | B30: =DEC2HEX(A30,4) -> 001B | C30: Renault Scope 2 MID Navi EUR DAB eCore | D30: 0696 (Quad) | E30: imx | F30: RFS_GEN3_5 | G30: rivie_nav_full | H30: No_Chenc | I30: Bosch_Navigation | J30: Renault | K30: NAV-Full | L30: Renault_HMI_Scope_2.1 | M30: PARTITION_SCHEMA64__ST2X_NavRenault | N30: NO_EMMC | O30: EUR_SDB | P30: =IF(AND(OR(INDIRECT("K" & ROW())="NAV-Premium",INDIRECT("K" & ROW())="DA-Premium"),INDIRECT("M" & ROW())="PARTITION_SCHEMA128__NavPiviJpn", INDIRECT("O" & ROW())="JPN_SDB"),'SDB vs GN'!$B$41, IF(INDIRECT("H" & ROW())="Chenc",'SDB vs GN'!$B$40, VLOOKUP(INDIRECT("O" & ROW()),'SDB vs GN'!$A$16:$B$38,2,FALSE))) -> 731_EUR | Q30: V850_Scope_2 | R30: AARS_IVI_S2_AC_DAB | S30: Arkamys_Classic | T30: SXM_not_updatable | U30: eCore | V30: EUR_LP_ST2.1_R_MID | W30: Teseo_3_updatable | X30: FPGA_and_CPLD_not_updatable | Y30: NO_CPLD_PEXT | Z30: NO_ETH_SWITCH | AC30: 7.510.750.869-01[discarded] | AD30: ignore | AH30: [06.06.16] 0x696 = Teseo 3 (checked OK). Please use FCID 44. This is a double.
A31: 28 | B31: =DEC2HEX(A31,4) -> 001C | C31: Renault Scope 2 Entry Navi EUR DAB eCore | D31: 068F (DL) | E31: imx | F31: RFS_GEN3_4 | G31: rivie_nav | H31: No_Chenc | I31: Bosch_Navigation | J31: Renault | K31: NAV-Entry | L31: Renault_HMI_Scope_2.1 | M31: PARTITION_SCHEMA16__ST2X_NavRenault | N31: NO_EMMC | O31: EUL_SDB | P31: =IF(AND(OR(INDIRECT("K" & ROW())="NAV-Premium",INDIRECT("K" & ROW())="DA-Premium"),INDIRECT("M" & ROW())="PARTITION_SCHEMA128__NavPiviJpn", INDIRECT("O" & ROW())="JPN_SDB"),'SDB vs GN'!$B$41, IF(INDIRECT("H" & ROW())="Chenc",'SDB vs GN'!$B$40, VLOOKUP(INDIRECT("O" & ROW()),'SDB vs GN'!$A$16:$B$38,2,FALSE))) -> 731_EUR | Q31: V850_Scope_2 | R31: AARS_IVI_S2_AC_DAB | S31: Arkamys_Classic | T31: SXM_not_updatable | U31: No_eCore | V31: EUR_LP_ST2.1_R_ENTRY | W31: Teseo_3_updatable | X31: FPGA_and_CPLD_not_updatable | Y31: NO_CPLD_PEXT | Z31: NO_ETH_SWITCH | AB31: 375 378 379 | AC31: 7.510.750.808-01( 'HW 001' ), 7.510.750.840-01( 'HW 001' ), 7.510.750.841-01( 'HW 001' ) | AD31: block | AH31: [06.06.16] 0x68D = Teseo 3 (checked OK).
A32: 29 | B32: =DEC2HEX(A32,4) -> 001D | C32: Renault Scope 2.1 Entry Navi EUR DAB ex:eCore | D32: 0691 (DL) | E32: imx | F32: RFS_GEN3_4 | G32: rivie_nav | H32: No_Chenc | I32: Bosch_Navigation | J32: Renault | K32: NAV-Entry | L32: Renault_HMI_Scope_2.1 | M32: PARTITION_SCHEMA16__ST2X_NavRenault | N32: NO_EMMC | O32: EUL_SDB | P32: =IF(AND(OR(INDIRECT("K" & ROW())="NAV-Premium",INDIRECT("K" & ROW())="DA-Premium"),INDIRECT("M" & ROW())="PARTITION_SCHEMA128__NavPiviJpn", INDIRECT("O" & ROW())="JPN_SDB"),'SDB vs GN'!$B$41, IF(INDIRECT("H" & ROW())="Chenc",'SDB vs GN'!$B$40, VLOOKUP(INDIRECT("O" & ROW()),'SDB vs GN'!$A$16:$B$38,2,FALSE))) -> 731_EUR | Q32: V850_Scope_2 | R32: AARS_IVI_S2_AC_DAB | S32: Arkamys_Classic | T32: SXM_not_updatable | U32: No_eCore | V32: EUR_LP_ST2.1_R_ENTRY | W32: Teseo_3_updatable | X32: FPGA_and_CPLD_not_updatable | Y32: NO_CPLD_PEXT | Z32: NO_ETH_SWITCH | AB32: 421 | AC32: 7.510.750.807-01('HW 001')[discarded], 7.510.750.867-01('HW 001') | AD32: block | AH32: [06.06.16] 0x691 = Teseo 3 (checked OK). 7.510.750.807-01('HW 001') deleted because now identical to 22. [01.09.2017] Corrected obsolete eCore setting. Results in the following identical FCIDs:0016-001D
A33: 30 | B33: =DEC2HEX(A33,4) -> 001E | C33: Nissan Scope 2 MID Navi EUR (DAB) | D33: 0691 (DL) | E33: imx | F33: RFS_GEN3_2 | G33: rnaivi_nav | H33: No_Chenc | I33: Bosch_Navigation | J33: Nissan | K33: NAV-Mid | L33: Nissan_HMI_Scope_2.0 | M33: PARTITION_SCHEMA32__NavLargeSdb | N33: NO_EMMC | O33: EUR_SDB | P33: =IF(AND(OR(INDIRECT("K" & ROW())="NAV-Premium",INDIRECT("K" & ROW())="DA-Premium"),INDIRECT("M" & ROW())="PARTITION_SCHEMA128__NavPiviJpn", INDIRECT("O" & ROW())="JPN_SDB"),'SDB vs GN'!$B$41, IF(INDIRECT("H" & ROW())="Chenc",'SDB vs GN'!$B$40, VLOOKUP(INDIRECT("O" & ROW()),'SDB vs GN'!$A$16:$B$38,2,FALSE))) -> 731_EUR | Q33: V850_Scope_2 | R33: AARS_IVI_S2_AC_DAB | S33: Arkamys_Classic | T33: SXM_not_updatable | U33: No_eCore | V33: EUR_ST2.0_N_MID | W33: Teseo_3_updatable | X33: FPGA_and_CPLD_not_updatable | Y33: NO_CPLD_PEXT | Z33: NO_ETH_SWITCH | AB33: 422 423 463 | AC33: 7.510.750.843-01('HW 001'), 7.510.750.849-01('HW 001')[discarded], 7.510.750.845-01('HW 001')[discarded], 7.510.750.815-01('HW 001') | AD33: use | AH33: [06.06.16] 0x691 = Teseo 3 (checked OK). [wzr2hi, 23.08.2016] 7.510.750.845-01 replaced by FCID 0x0040 below. [wzr2hi, 31.01.2017] 7.510.750.849-01 replaced by FCID 0x005E below.
A34: 31 | B34: =DEC2HEX(A34,4) -> 001F | C34: Nissan Scope 2 MID Navi NAM(US) (HD) | D34: 0691 (DL) | E34: imx | F34: RFS_GEN3_2 | G34: rnaivi_nav | H34: No_Chenc | I34: Bosch_Navigation | J34: Nissan | K34: NAV-Mid | L34: Nissan_HMI_Scope_2.0 | M34: PARTITION_SCHEMA32__NavSmallSdb | N34: NO_EMMC | O34: NAM_SDB | P34: =IF(AND(OR(INDIRECT("K" & ROW())="NAV-Premium",INDIRECT("K" & ROW())="DA-Premium"),INDIRECT("M" & ROW())="PARTITION_SCHEMA128__NavPiviJpn", INDIRECT("O" & ROW())="JPN_SDB"),'SDB vs GN'!$B$41, IF(INDIRECT("H" & ROW())="Chenc",'SDB vs GN'!$B$40, VLOOKUP(INDIRECT("O" & ROW()),'SDB vs GN'!$A$16:$B$38,2,FALSE))) -> 727_NAM | Q34: V850_Scope_2 | R34: AARS_IVI_S2_AC_HD | S34: Arkamys_Classic | T34: SXM_updatable | U34: No_eCore | V34: NAM_ST2.0_N_MID | W34: Teseo_3_updatable | X34: FPGA_and_CPLD_not_updatable | Y34: NO_CPLD_PEXT | Z34: NO_ETH_SWITCH | AB34: 424 425 460 458 457 | AC34: 7.510.750.842-01('HW 001'), 7.510.750.848-01('HW 001'), 7.510.750.844-01('HW 001'), 7.510.750.850-01('HW 001')[discarded], 7.510.750.861-01('HW 001')[discarded], 7.510.750.833-01('HW 001') | AD34: use | AH34: [06.06.16] 0x691 = Teseo 3 (checked OK). [wzr2hi, 23.08.2016] 7.510.750.850-01 replaced by FCID 65 below. [wzr2hi, 19.05.2017] 7.510.750.861-01 replaced by FCID 0x0xxx below (due to collision after FPGA consolidation).
A35: 32 | B35: =DEC2HEX(A35,4) -> 0020 | C35: Nissan Scope 2 MID Navi MEX (HD) | D35: 0691 (DL) | E35: imx | F35: RFS_GEN3_2 | G35: rnaivi_nav | H35: No_Chenc | I35: Bosch_Navigation | J35: Nissan | K35: NAV-Mid | L35: Nissan_HMI_Scope_2.0 | M35: PARTITION_SCHEMA32__NavSmallSdb | N35: NO_EMMC | O35: NAM_SDB | P35: =IF(AND(OR(INDIRECT("K" & ROW())="NAV-Premium",INDIRECT("K" & ROW())="DA-Premium"),INDIRECT("M" & ROW())="PARTITION_SCHEMA128__NavPiviJpn", INDIRECT("O" & ROW())="JPN_SDB"),'SDB vs GN'!$B$41, IF(INDIRECT("H" & ROW())="Chenc",'SDB vs GN'!$B$40, VLOOKUP(INDIRECT("O" & ROW()),'SDB vs GN'!$A$16:$B$38,2,FALSE))) -> 727_NAM | Q35: V850_Scope_2 | R35: AARS_IVI_S2_AC_HD | S35: Arkamys_Classic | T35: SXM_not_updatable | U35: No_eCore | V35: NAMEX_ST2.0_N_MID | W35: Teseo_3_updatable | X35: FPGA_and_CPLD_not_updatable | Y35: NO_CPLD_PEXT | Z35: NO_ETH_SWITCH | AB35: 456 | AC35: 7.510.750.866-01('HW 001') | AD35: use | AH35: [06.06.16] 0x691 = Teseo 3 (checked OK).
A36: 33 | B36: =DEC2HEX(A36,4) -> 0021 | C36: Nissan Scope 2 MID Navi PRC (AM/FM) | D36: 0691 (DL) | E36: imx | F36: RFS_GEN3_2 | G36: rnaivi_nav | H36: Chenc | I36: Bosch_Navigation | J36: Nissan | K36: NAV-Mid | L36: Nissan_HMI_Scope_2.0 | M36: PARTITION_SCHEMA32__NavSmallSdb | N36: NO_EMMC | O36: PRC_SDB | P36: =IF(AND(OR(INDIRECT("K" & ROW())="NAV-Premium",INDIRECT("K" & ROW())="DA-Premium"),INDIRECT("M" & ROW())="PARTITION_SCHEMA128__NavPiviJpn", INDIRECT("O" & ROW())="JPN_SDB"),'SDB vs GN'!$B$41, IF(INDIRECT("H" & ROW())="Chenc",'SDB vs GN'!$B$40, VLOOKUP(INDIRECT("O" & ROW()),'SDB vs GN'!$A$16:$B$38,2,FALSE))) -> 734_CN_831_AUSKRJPN_CHENC | Q36: V850_Scope_2 | R36: AARS_IVI_S2_AC_FM | S36: Arkamys_Classic | T36: SXM_not_updatable | U36: No_eCore | V36: PRC_ST2.0_N_MID | W36: Teseo_3_updatable | X36: FPGA_and_CPLD_not_updatable | Y36: NO_CPLD_PEXT | Z36: NO_ETH_SWITCH | AB36: 426 | AC36: 7.510.750.862-01('HW 001')[discarded] | AD36: ignore | AH36: [06.06.16] 0x691 = Teseo 3 (checked OK). [wzr2hi, 31.01.2017] 7.510.750.862-01 replaced by FCID 005F below. [wzr2hi, 26.04.2017] Changed GN_734 to 734_CN_831_AUSKRJPN according to Stefan Weber.
A37: 34 | B37: =DEC2HEX(A37,4) -> 0022 | C37: Nissan Scope 2 MID Navi ASEAN (AM/FM) | D37: 0691 (DL) | E37: imx | F37: RFS_GEN3_2 | G37: rnaivi_nav | H37: No_Chenc | I37: Bosch_Navigation | J37: Nissan | K37: NAV-Mid | L37: Nissan_HMI_Scope_2.0 | M37: PARTITION_SCHEMA32__NavSmallSdb | N37: NO_EMMC | O37: PRC_SDB | P37: =IF(AND(OR(INDIRECT("K" & ROW())="NAV-Premium",INDIRECT("K" & ROW())="DA-Premium"),INDIRECT("M" & ROW())="PARTITION_SCHEMA128__NavPiviJpn", INDIRECT("O" & ROW())="JPN_SDB"),'SDB vs GN'!$B$41, IF(INDIRECT("H" & ROW())="Chenc",'SDB vs GN'!$B$40, VLOOKUP(INDIRECT("O" & ROW()),'SDB vs GN'!$A$16:$B$38,2,FALSE))) -> 734_CN_831_AUSKRJPN | Q37: V850_Scope_2 | R37: AARS_IVI_S2_AC_FM | S37: Arkamys_Classic | T37: SXM_not_updatable | U37: No_eCore | V37: APAC_ST2.0_N_MID | W37: Teseo_3_updatable | X37: FPGA_updatable | Y37: NO_CPLD_PEXT | Z37: NO_ETH_SWITCH | AB37: 455 | AC37: 7.510.750.864-01('HW 001')[discarded] | AD37: ignore | AH37: [06.06.16] 0x691 = Teseo 3 (checked OK). [wzr2hi, 28.10.16] 7.510.750.864-01('HW 001') - 0691 (DL) removed due to different Board-ID - replaced by FCID 80 below
A38: 35 | B38: =DEC2HEX(A38,4) -> 0023 | C38: Nissan Scope 2 NAV-Mid JPN(JPN) (DARC) | D38: 0692 (Quad) | E38: imx | F38: RFS_GEN3_2J | G38: rnaivi_nav_jpn | H38: No_Chenc | I38: Japan_Navigation | J38: Nissan | K38: NAV-Mid | L38: Nissan_HMI_Scope_2.0 | M38: PARTITION_SCHEMA64__NavRenault | N38: NO_EMMC | O38: JPN_SDB | P38: =IF(AND(OR(INDIRECT("K" & ROW())="NAV-Premium",INDIRECT("K" & ROW())="DA-Premium"),INDIRECT("M" & ROW())="PARTITION_SCHEMA128__NavPiviJpn", INDIRECT("O" & ROW())="JPN_SDB"),'SDB vs GN'!$B$41, IF(INDIRECT("H" & ROW())="Chenc",'SDB vs GN'!$B$40, VLOOKUP(INDIRECT("O" & ROW()),'SDB vs GN'!$A$16:$B$38,2,FALSE))) -> 742_JPN_831_AUSKRJPN | Q38: V850_Scope_2 | R38: AARS_IVI_S2_AC_DARC | S38: Arkamys_Classic | T38: SXM_not_updatable | U38: No_eCore | V38: Japan (ST2.0_N_MID) | W38: Teseo_3_updatable | X38: FPGA_updatable | Y38: NO_CPLD_PEXT | Z38: NO_ETH_SWITCH | AB38: 366 440 | AC38: 7.510.750.813-01('HW 001'), 7.510.750.863-01('HW 001')[discarded] | AD38: block_le20 | AF38: would repart but blocked for ST2.0 anyway | AH38: [06.06.16] 0x692 = Teseo 3 (checked OK). [wzr2hi, 28.10.16] 7.510.750.863-01('HW 001') - 0692 (Quad) removed due to different Board-ID - replaced by FCID 81 below
A39: 36 | B39: =DEC2HEX(A39,4) -> 0024 | C39: Nissan Scope 2 DA-MID NAR (AM/FM) | D39: 0693 (Single) | E39: imx | F39: RFS_GEN3_3 | G39: rnaivi_da | H39: No_Chenc | I39: No_Navigation | J39: Nissan | K39: DA-Mid | L39: Nissan_HMI_Scope_2.0 | M39: PARTITION_SCHEMA8__DASdb | N39: NO_EMMC | O39: NAM_SDB | P39: =IF(AND(OR(INDIRECT("K" & ROW())="NAV-Premium",INDIRECT("K" & ROW())="DA-Premium"),INDIRECT("M" & ROW())="PARTITION_SCHEMA128__NavPiviJpn", INDIRECT("O" & ROW())="JPN_SDB"),'SDB vs GN'!$B$41, IF(INDIRECT("H" & ROW())="Chenc",'SDB vs GN'!$B$40, VLOOKUP(INDIRECT("O" & ROW()),'SDB vs GN'!$A$16:$B$38,2,FALSE))) -> 727_NAM | Q39: V850_Scope_2 | R39: AARS_IVI_S2_AC_FM | S39: Arkamys_Classic | T39: SXM_updatable | U39: No_eCore | V39: No_Map | W39: Teseo_3_updatable | X39: FPGA_and_CPLD_not_updatable | Y39: NO_CPLD_PEXT | Z39: NO_ETH_SWITCH | AB39: 427 | AC39: 7.500.750.806-01('HW 001')[discarded], 7.500.750.807-01('HW 001')[discarded] | AD39: ignore | AH39: [06.06.16] 0x693 = Teseo 3 (checked OK). [wzr2hi, 23.08.2016] 7.500.750.807-01 replaced by FCID 0x003D below. [wzr2hi, 31.01.2017] 7.500.750.806-01 replaced by FCID 0x0068 below
A40: 37 | B40: =DEC2HEX(A40,4) -> 0025 | C40: Nissan Scope 2 DA RUS (AM/FM) | D40: 0693 (Single) | E40: imx | F40: RFS_GEN3_3 | G40: rnaivi_da | H40: No_Chenc | I40: No_Navigation | J40: Nissan | K40: DA-Mid | L40: Nissan_HMI_Scope_2.0 | M40: PARTITION_SCHEMA8__DASdb | N40: NO_EMMC | O40: DA2_SDB | P40: =IF(AND(OR(INDIRECT("K" & ROW())="NAV-Premium",INDIRECT("K" & ROW())="DA-Premium"),INDIRECT("M" & ROW())="PARTITION_SCHEMA128__NavPiviJpn", INDIRECT("O" & ROW())="JPN_SDB"),'SDB vs GN'!$B$41, IF(INDIRECT("H" & ROW())="Chenc",'SDB vs GN'!$B$40, VLOOKUP(INDIRECT("O" & ROW()),'SDB vs GN'!$A$16:$B$38,2,FALSE))) -> 735_LA_831_AUSKRJPN | Q40: V850_Scope_2 | R40: AARS_IVI_S2_AC_FM | S40: Arkamys_Classic | T40: SXM_not_updatable | U40: No_eCore | V40: No_Map | W40: Teseo_3_updatable | X40: FPGA_and_CPLD_not_updatable | Y40: NO_CPLD_PEXT | Z40: NO_ETH_SWITCH | AC40: 7.500.750.811-01('HW 001')[discarded] | AD40: ignore | AH40: [06.06.16] 0x693 = Teseo 3 (checked OK). [wzr2hi, 23.08.2016] 7.500.750.811-01 replaced by FCID 0x003E below. [wzr2hi, 23.08.2016] FCID 0037/0x0025 obsolete and blocked.
A41: 38 | B41: =DEC2HEX(A41,4) -> 0026 | C41: Nissan Scope 2 DA EUR (AM/FM) | D41: 0693 (Single) | E41: imx | F41: RFS_GEN3_3 | G41: rnaivi_da | H41: No_Chenc | I41: No_Navigation | J41: Nissan | K41: DA-Mid | L41: Nissan_HMI_Scope_2.0 | M41: PARTITION_SCHEMA8__DASdb | N41: NO_EMMC | O41: No_SDB | P41: =IF(AND(OR(INDIRECT("K" & ROW())="NAV-Premium",INDIRECT("K" & ROW())="DA-Premium"),INDIRECT("M" & ROW())="PARTITION_SCHEMA128__NavPiviJpn", INDIRECT("O" & ROW())="JPN_SDB"),'SDB vs GN'!$B$41, IF(INDIRECT("H" & ROW())="Chenc",'SDB vs GN'!$B$40, VLOOKUP(INDIRECT("O" & ROW()),'SDB vs GN'!$A$16:$B$38,2,FALSE))) -> No_Gracenote | Q41: V850_Scope_2 | R41: AARS_IVI_S2_AC_DAB | S41: Arkamys_Classic | T41: SXM_not_updatable | U41: No_eCore | V41: No_Map | W41: Teseo_3_updatable | X41: FPGA_and_CPLD_not_updatable | Y41: NO_CPLD_PEXT | Z41: NO_ETH_SWITCH | AC41: 7.500.750.813-01('HW 001')[discarded] | AD41: ignore | AH41: [06.06.16] 0x693 = Teseo 3 (checked OK). [wzr2hi, 23.08.2016] 7.500.750.813-01 replaced by FCID 0x003F below. [wzr2hi, 23.08.2016] FCID 0038/0x0026 obsolete and blocked.
A42: 39 | B42: =DEC2HEX(A42,4) -> 0027 | C42: Nissan Scope 2 Entry Navi EUR (DAB) | D42: 0694 (DL) | E42: imx | F42: RFS_GEN3_2 | G42: rnaivi_nav | H42: No_Chenc | I42: Bosch_Navigation | J42: Nissan | K42: NAV-Entry | L42: Nissan_HMI_Scope_2.0 | M42: PARTITION_SCHEMA32__NavLargeSdb | N42: NO_EMMC | O42: EUR_SDB | P42: =IF(AND(OR(INDIRECT("K" & ROW())="NAV-Premium",INDIRECT("K" & ROW())="DA-Premium"),INDIRECT("M" & ROW())="PARTITION_SCHEMA128__NavPiviJpn", INDIRECT("O" & ROW())="JPN_SDB"),'SDB vs GN'!$B$41, IF(INDIRECT("H" & ROW())="Chenc",'SDB vs GN'!$B$40, VLOOKUP(INDIRECT("O" & ROW()),'SDB vs GN'!$A$16:$B$38,2,FALSE))) -> 731_EUR | Q42: V850_Scope_2 | R42: AARS_IVI_S2_AC_DAB | S42: Arkamys_Classic | T42: SXM_not_updatable | U42: No_eCore | V42: EUR_ST2.0_N_ENTRY | W42: Teseo_3_updatable | X42: FPGA_and_CPLD_not_updatable | Y42: NO_CPLD_PEXT | Z42: NO_ETH_SWITCH | AB42: ??? | AC42: 7.510.750.860-01('HW 001'), 7.510.750.846-01('HW 001'), 7.513.750.803-02, 7.513.750.907-01, 7.513.750.861-03, 7.513.750.803, 7.513.750.907, 7.513.751.185, 7.513.751.186, 7.513.751.450, 7.513.751.451 | AD42: use | AH42: [06.06.16] 0x694 = Teseo 3 (checked OK). [wzr2hi, 03.11.2017] Added 7.513.750.803-02 for TSB7.BrgP [wzr2hi, 03.11.2017] Added 7.513.750.907-01 for TSB7.BrgP [wzr2hi, 24.01.2018] Added 7.513.750.861-03 for TSB9.1.BrgP [wzr2hi, 20.02.2018] Added 7.513.750.803 for PreProd4.BrgP [wzr2hi, 20.02.2018] Added 7.513.750.907 for PreProd4.BrgP [wzr2hi, 20.09.2018] Added 7.513.751.185 for MP.BrgP (B02E LG UPT) [wzr2hi, 20.09.2018] Added 7.513.751.186 for MP.BrgP (B02E LG UPT) [wzr2hi, 25.03.2019] Added 7.513.751.450 for MP.BrgP (FMVSS) (B02E QLU) [wzr2hi, 25.03.2019] Added 7.513.751.451 for MP.BrgP (FMVSS) (B02E QLU)
A43: 40 | B43: =DEC2HEX(A43,4) -> 0028 | C43: Nissan Scope 2 Entry Navi MEX (HD) | D43: 0694 (DL) | E43: imx | F43: RFS_GEN3_2 | G43: rnaivi_nav | H43: No_Chenc | I43: Bosch_Navigation | J43: Nissan | K43: NAV-Entry | L43: Nissan_HMI_Scope_2.0 | M43: PARTITION_SCHEMA32__NavSmallSdb | N43: NO_EMMC | O43: NAM_SDB | P43: =IF(AND(OR(INDIRECT("K" & ROW())="NAV-Premium",INDIRECT("K" & ROW())="DA-Premium"),INDIRECT("M" & ROW())="PARTITION_SCHEMA128__NavPiviJpn", INDIRECT("O" & ROW())="JPN_SDB"),'SDB vs GN'!$B$41, IF(INDIRECT("H" & ROW())="Chenc",'SDB vs GN'!$B$40, VLOOKUP(INDIRECT("O" & ROW()),'SDB vs GN'!$A$16:$B$38,2,FALSE))) -> 727_NAM | Q43: V850_Scope_2 | R43: AARS_IVI_S2_AC_HD | S43: Arkamys_Classic | T43: SXM_not_updatable | U43: No_eCore | V43: NAMEX_ST2.0_N_ENTRY | W43: Teseo_3_updatable | X43: FPGA_and_CPLD_not_updatable | Y43: NO_CPLD_PEXT | Z43: NO_ETH_SWITCH | AB43: ??? | AC43: 7.510.750.865-01('HW 001'), 7.515.750.807-05, 7.515.750.807 | AD43: use | AH43: [06.06.16] 0x694 = Teseo 3 (checked OK). [wzr2hi, 20.09.2018] Added 7.515.750.807-05 for TSB16.1.PgP1 (L02D) [wzr2hi, 24.01.2019] Added 7.515.750.807 for PreProd20a.PgP1 (L02D)
A44: 41 | B44: =DEC2HEX(A44,4) -> 0029 | C44: Nissan Scope 2 Entry DA NAR (HD) | D44: 0695 (Single) | E44: imx | F44: RFS_GEN3_3 | G44: rnaivi_da | H44: No_Chenc | I44: No_Navigation | J44: Nissan | K44: DA-Entry | L44: Nissan_HMI_Scope_2.0 | M44: PARTITION_SCHEMA8__DASdb | N44: NO_EMMC | O44: NAM_SDB | P44: =IF(AND(OR(INDIRECT("K" & ROW())="NAV-Premium",INDIRECT("K" & ROW())="DA-Premium"),INDIRECT("M" & ROW())="PARTITION_SCHEMA128__NavPiviJpn", INDIRECT("O" & ROW())="JPN_SDB"),'SDB vs GN'!$B$41, IF(INDIRECT("H" & ROW())="Chenc",'SDB vs GN'!$B$40, VLOOKUP(INDIRECT("O" & ROW()),'SDB vs GN'!$A$16:$B$38,2,FALSE))) -> 727_NAM | Q44: V850_Scope_2 | R44: AARS_IVI_S2_AC_HD | S44: Arkamys_Classic | T44: SXM_updatable | U44: No_eCore | V44: No_Map | W44: GNSS_not_updatable | X44: FPGA_and_CPLD_not_updatable | Y44: NO_CPLD_PEXT | Z44: NO_ETH_SWITCH | AB44: 420 434 | AC44: 7.500.750.810-01('HW 001'), 7.500.750.809-01('HW 001')[discarded] | AD44: use | AH44: [wzr2hi, 19.05.2017] 7.500.750.809-01 replaced by FCID 0x0xxx below (due to collision after DA/NAV consolidation).
A45: 42 | B45: =DEC2HEX(A45,4) -> 002A | C45: Nissan Scope 2 Entry DA MEX (AM/FM) | D45: 0695 (Single) | E45: imx | F45: RFS_GEN3_3 | G45: rnaivi_da | H45: No_Chenc | I45: No_Navigation | J45: Nissan | K45: DA-Entry | L45: Nissan_HMI_Scope_2.0 | M45: PARTITION_SCHEMA8__DASdb | N45: NO_EMMC | O45: No_SDB | P45: =IF(AND(OR(INDIRECT("K" & ROW())="NAV-Premium",INDIRECT("K" & ROW())="DA-Premium"),INDIRECT("M" & ROW())="PARTITION_SCHEMA128__NavPiviJpn", INDIRECT("O" & ROW())="JPN_SDB"),'SDB vs GN'!$B$41, IF(INDIRECT("H" & ROW())="Chenc",'SDB vs GN'!$B$40, VLOOKUP(INDIRECT("O" & ROW()),'SDB vs GN'!$A$16:$B$38,2,FALSE))) -> No_Gracenote | Q45: V850_Scope_2 | R45: AARS_IVI_S2_AC_FM | S45: Arkamys_Classic | T45: SXM_not_updatable | U45: No_eCore | V45: No_Map | W45: GNSS_not_updatable | X45: FPGA_and_CPLD_not_updatable | Y45: NO_CPLD_PEXT | Z45: NO_ETH_SWITCH | AB45: 433 | AC45: 7.500.750.808-01('HW 001')[discarded] | AD45: ignore | AH45: [06.06.16] 0x695 = Teseo 3 (checked OK). [08.02.2017, ihn2si]; deleted, replaced by FCID 0x005A below.
A46: 43 | B46: =DEC2HEX(A46,4) -> 002B | C46: Nissan Scope 2 Entry DA INN/THA/PHI/MLY/TWN (AM/FM) | D46: 0695 (Single) | E46: imx | F46: RFS_GEN3_3 | G46: rnaivi_da | H46: No_Chenc | I46: No_Navigation | J46: Nissan | K46: DA-Entry | L46: Nissan_HMI_Scope_2.0 | M46: PARTITION_SCHEMA8__DASdb | N46: NO_EMMC | O46: No_SDB | P46: =IF(AND(OR(INDIRECT("K" & ROW())="NAV-Premium",INDIRECT("K" & ROW())="DA-Premium"),INDIRECT("M" & ROW())="PARTITION_SCHEMA128__NavPiviJpn", INDIRECT("O" & ROW())="JPN_SDB"),'SDB vs GN'!$B$41, IF(INDIRECT("H" & ROW())="Chenc",'SDB vs GN'!$B$40, VLOOKUP(INDIRECT("O" & ROW()),'SDB vs GN'!$A$16:$B$38,2,FALSE))) -> No_Gracenote | Q46: V850_Scope_2 | R46: AARS_IVI_S2_AC_FM | S46: Arkamys_Classic | T46: SXM_not_updatable | U46: No_eCore | V46: No_Map | W46: GNSS_not_updatable | X46: FPGA_and_CPLD_not_updatable | Y46: NO_CPLD_PEXT | Z46: NO_ETH_SWITCH | AB46: 344 | AC46: 7.500.750.805-01('HW 001')[discarded] | AD46: ignore | AH46: [06.06.16] 0x695 = Teseo 3 (checked OK). [08.02.2017, ihn2si]; deleted, replaced by FCID 0x005A below.
A47: 44 | B47: =DEC2HEX(A47,4) -> 002C | C47: Renault Scope 2.1 MID Navi EUR DAB eCore | D47: 0696 (Quad) | E47: imx | F47: RFS_GEN3_5 | G47: rivie_nav_full | H47: No_Chenc | I47: Bosch_Navigation | J47: Renault | K47: NAV-Full | L47: Renault_HMI_Scope_2.1 | M47: PARTITION_SCHEMA64__ST2X_NavRenault | N47: NO_EMMC | O47: EUR_SDB | P47: =IF(AND(OR(INDIRECT("K" & ROW())="NAV-Premium",INDIRECT("K" & ROW())="DA-Premium"),INDIRECT("M" & ROW())="PARTITION_SCHEMA128__NavPiviJpn", INDIRECT("O" & ROW())="JPN_SDB"),'SDB vs GN'!$B$41, IF(INDIRECT("H" & ROW())="Chenc",'SDB vs GN'!$B$40, VLOOKUP(INDIRECT("O" & ROW()),'SDB vs GN'!$A$16:$B$38,2,FALSE))) -> 731_EUR | Q47: V850_Scope_2 | R47: AARS_IVI_S2_AC_DAB | S47: Arkamys_Classic | T47: SXM_not_updatable | U47: eCore | V47: EUR_LP_ST2.1_R_MID | W47: Teseo_3_updatable | X47: FPGA_and_CPLD_not_updatable | Y47: NO_CPLD_PEXT | Z47: NO_ETH_SWITCH | AB47: 464 | AC47: 7.510.750.869-01('HW 001') - 0696 (S) | AD47: use | AH47: [06.06.16] 0x696 = Teseo 3 (checked OK).
A48: 45 | B48: =DEC2HEX(A48,4) -> 002D | C48: Nissan Scope 0 (Scope 2) PRC | D48: 0681 (DL) | E48: imx | F48: RFS_GEN3_2 | G48: rnaivi_nav | H48: Chenc | I48: Bosch_Navigation | J48: Nissan | K48: NAV-Entry | L48: Nissan_HMI_Scope_2.0 | M48: PARTITION_SCHEMA16__Nav | N48: NO_EMMC | O48: PRC_SDB | P48: =IF(AND(OR(INDIRECT("K" & ROW())="NAV-Premium",INDIRECT("K" & ROW())="DA-Premium"),INDIRECT("M" & ROW())="PARTITION_SCHEMA128__NavPiviJpn", INDIRECT("O" & ROW())="JPN_SDB"),'SDB vs GN'!$B$41, IF(INDIRECT("H" & ROW())="Chenc",'SDB vs GN'!$B$40, VLOOKUP(INDIRECT("O" & ROW()),'SDB vs GN'!$A$16:$B$38,2,FALSE))) -> 734_CN_831_AUSKRJPN_CHENC | Q48: V850_Scope_1 | R48: AARS_IVI_S1_NA_FM | S48: No_Arkamys | T48: SXM_not_updatable | U48: No_eCore | V48: PRC_ST2.0_N_MID | W48: Teseo_2_updatable | X48: FPGA_and_CPLD_not_updatable | Y48: NO_CPLD_PEXT | Z48: NO_ETH_SWITCH | AB48: 543 | AC48: 7.510.750.804-99 | AD48: use | AH48: New variants to support China development. [wzr2hi, 26.04.2017] Changed GN_734 to 734_CN_831_AUSKRJPN according to Stefan Weber.
A49: 46 | B49: =DEC2HEX(A49,4) -> 002E | C49: B-Sample: Nissan Scope 2 MID Navi China (AM/FM) | D49: 0689 (DL) | E49: imx | F49: RFS_GEN3_2 | G49: rnaivi_nav | H49: Chenc | I49: Bosch_Navigation | J49: Nissan | K49: NAV-Mid | L49: Nissan_HMI_Scope_2.0 | M49: PARTITION_SCHEMA32__NavSmallSdb | N49: NO_EMMC | O49: PRC_SDB | P49: =IF(AND(OR(INDIRECT("K" & ROW())="NAV-Premium",INDIRECT("K" & ROW())="DA-Premium"),INDIRECT("M" & ROW())="PARTITION_SCHEMA128__NavPiviJpn", INDIRECT("O" & ROW())="JPN_SDB"),'SDB vs GN'!$B$41, IF(INDIRECT("H" & ROW())="Chenc",'SDB vs GN'!$B$40, VLOOKUP(INDIRECT("O" & ROW()),'SDB vs GN'!$A$16:$B$38,2,FALSE))) -> 734_CN_831_AUSKRJPN_CHENC | Q49: V850_Scope_2 | R49: AARS_IVI_S2_AC_FM | S49: Arkamys_Classic | T49: SXM_not_updatable | U49: No_eCore | V49: PRC_ST2.0_N_MID | W49: Teseo_2_updatable | X49: FPGA_and_CPLD_not_updatable | Y49: NO_CPLD_PEXT | Z49: NO_ETH_SWITCH | AB49: 374 | AC49: 7.510.750.810-99 | AD49: use | AH49: New variants to support China development. 0x689 = Teseo 2 (checked) [wzr2hi, 26.04.2017] Changed GN_734 to 734_CN_831_AUSKRJPN according to Stefan Weber.
A50: 47 | B50: =DEC2HEX(A50,4) -> 002F | C50: B-Sample: Nissan Scope 2 MID Navi China (DAB) | D50: 0689 (DL) | E50: imx | F50: RFS_GEN3_2 | G50: rnaivi_nav | H50: Chenc | I50: Bosch_Navigation | J50: Nissan | K50: NAV-Mid | L50: Nissan_HMI_Scope_2.0 | M50: PARTITION_SCHEMA32__NavSmallSdb | N50: NO_EMMC | O50: PRC_SDB | P50: =IF(AND(OR(INDIRECT("K" & ROW())="NAV-Premium",INDIRECT("K" & ROW())="DA-Premium"),INDIRECT("M" & ROW())="PARTITION_SCHEMA128__NavPiviJpn", INDIRECT("O" & ROW())="JPN_SDB"),'SDB vs GN'!$B$41, IF(INDIRECT("H" & ROW())="Chenc",'SDB vs GN'!$B$40, VLOOKUP(INDIRECT("O" & ROW()),'SDB vs GN'!$A$16:$B$38,2,FALSE))) -> 734_CN_831_AUSKRJPN_CHENC | Q50: V850_Scope_2 | R50: AARS_IVI_S2_AC_DAB | S50: Arkamys_Classic | T50: SXM_not_updatable | U50: No_eCore | V50: PRC_ST2.0_N_MID | W50: Teseo_2_updatable | X50: FPGA_and_CPLD_not_updatable | Y50: NO_CPLD_PEXT | Z50: NO_ETH_SWITCH | AB50: 542 536 | AC50: 7.510.750.812-99, 7.510.750.809-99 | AD50: use | AH50: 0x689 = Teseo 2 (checked) [wzr2hi, 26.04.2017] Changed GN_734 to 734_CN_831_AUSKRJPN according to Stefan Weber.
A51: 48 | B51: =DEC2HEX(A51,4) -> 0030 | C51: B-Sample: Nissan Scope 2 MID Navi Russland (DAB) | D51: 0689 (DL) | E51: imx | F51: RFS_GEN3_2 | G51: rnaivi_nav | H51: No_Chenc | I51: Bosch_Navigation | J51: Nissan | K51: NAV-Mid | L51: Nissan_HMI_Scope_2.0 | M51: PARTITION_SCHEMA32__NavSmallSdb | N51: NO_EMMC | O51: RUS_SDB | P51: =IF(AND(OR(INDIRECT("K" & ROW())="NAV-Premium",INDIRECT("K" & ROW())="DA-Premium"),INDIRECT("M" & ROW())="PARTITION_SCHEMA128__NavPiviJpn", INDIRECT("O" & ROW())="JPN_SDB"),'SDB vs GN'!$B$41, IF(INDIRECT("H" & ROW())="Chenc",'SDB vs GN'!$B$40, VLOOKUP(INDIRECT("O" & ROW()),'SDB vs GN'!$A$16:$B$38,2,FALSE))) -> 731_EUR | Q51: V850_Scope_2 | R51: AARS_IVI_S2_AC_DAB | S51: Arkamys_Classic | T51: SXM_not_updatable | U51: No_eCore | V51: RUS_ST2.0_N_MID | W51: Teseo_2_updatable | X51: FPGA_and_CPLD_not_updatable | Y51: NO_CPLD_PEXT | Z51: NO_ETH_SWITCH | AB51: 537 | AC51: 7.510.750.809-76 | AD51: use
A52: 49 | B52: =DEC2HEX(A52,4) -> 0031 | C52: B-Sample: Nissan Scope 2 MID Navi MEA (DAB) | D52: 0689 (DL) | E52: imx | F52: RFS_GEN3_2 | G52: rnaivi_nav | H52: No_Chenc | I52: Bosch_Navigation | J52: Nissan | K52: NAV-Mid | L52: Nissan_HMI_Scope_2.0 | M52: PARTITION_SCHEMA32__NavSmallSdb | N52: NO_EMMC | O52: AFR_SDB | P52: =IF(AND(OR(INDIRECT("K" & ROW())="NAV-Premium",INDIRECT("K" & ROW())="DA-Premium"),INDIRECT("M" & ROW())="PARTITION_SCHEMA128__NavPiviJpn", INDIRECT("O" & ROW())="JPN_SDB"),'SDB vs GN'!$B$41, IF(INDIRECT("H" & ROW())="Chenc",'SDB vs GN'!$B$40, VLOOKUP(INDIRECT("O" & ROW()),'SDB vs GN'!$A$16:$B$38,2,FALSE))) -> 831_AUSKRJPN | Q52: V850_Scope_2 | R52: AARS_IVI_S2_AC_DAB | S52: Arkamys_Classic | T52: SXM_not_updatable | U52: No_eCore | V52: MEA_ST2.0_N_MID | W52: Teseo_2_updatable | X52: FPGA_and_CPLD_not_updatable | Y52: NO_CPLD_PEXT | Z52: NO_ETH_SWITCH | AB52: 538 | AC52: 7.510.750.809-91 | AD52: use
A53: 50 | B53: =DEC2HEX(A53,4) -> 0032 | C53: B-Sample: Nissan Scope 2 MID Navi Latin America (DAB) | D53: 0689 (DL) | E53: imx | F53: RFS_GEN3_2 | G53: rnaivi_nav | H53: No_Chenc | I53: Bosch_Navigation | J53: Nissan | K53: NAV-Mid | L53: Nissan_HMI_Scope_2.0 | M53: PARTITION_SCHEMA32__NavSmallSdb | N53: NO_EMMC | O53: LAC_SDB | P53: =IF(AND(OR(INDIRECT("K" & ROW())="NAV-Premium",INDIRECT("K" & ROW())="DA-Premium"),INDIRECT("M" & ROW())="PARTITION_SCHEMA128__NavPiviJpn", INDIRECT("O" & ROW())="JPN_SDB"),'SDB vs GN'!$B$41, IF(INDIRECT("H" & ROW())="Chenc",'SDB vs GN'!$B$40, VLOOKUP(INDIRECT("O" & ROW()),'SDB vs GN'!$A$16:$B$38,2,FALSE))) -> 735_LA | Q53: V850_Scope_2 | R53: AARS_IVI_S2_AC_DAB | S53: Arkamys_Classic | T53: SXM_not_updatable | U53: No_eCore | V53: SAM-ARG_ST2.0_N_MID | W53: Teseo_2_updatable | X53: FPGA_and_CPLD_not_updatable | Y53: NO_CPLD_PEXT | Z53: NO_ETH_SWITCH | AB53: 539 | AC53: 7.510.750.809-82 | AD53: use
A54: 51 | B54: =DEC2HEX(A54,4) -> 0033 | C54: B-Sample: Nissan Scope 2 MID Navi GOM (DAB) | D54: 0689 (DL) | E54: imx | F54: RFS_GEN3_2 | G54: rnaivi_nav | H54: No_Chenc | I54: Bosch_Navigation | J54: Nissan | K54: NAV-Mid | L54: Nissan_HMI_Scope_2.0 | M54: PARTITION_SCHEMA32__NavSmallSdb | N54: NO_EMMC | O54: PRC_SDB | P54: =IF(AND(OR(INDIRECT("K" & ROW())="NAV-Premium",INDIRECT("K" & ROW())="DA-Premium"),INDIRECT("M" & ROW())="PARTITION_SCHEMA128__NavPiviJpn", INDIRECT("O" & ROW())="JPN_SDB"),'SDB vs GN'!$B$41, IF(INDIRECT("H" & ROW())="Chenc",'SDB vs GN'!$B$40, VLOOKUP(INDIRECT("O" & ROW()),'SDB vs GN'!$A$16:$B$38,2,FALSE))) -> 734_CN_831_AUSKRJPN | Q54: V850_Scope_2 | R54: AARS_IVI_S2_AC_DAB | S54: Arkamys_Classic | T54: SXM_not_updatable | U54: No_eCore | V54: APAC_ST2.0_N_MID | W54: Teseo_2_updatable | X54: FPGA_and_CPLD_not_updatable | Y54: NO_CPLD_PEXT | Z54: NO_ETH_SWITCH | AB54: 540 | AC54: 7.510.750.809-89 | AD54: use
A55: 52 | B55: =DEC2HEX(A55,4) -> 0034 | C55: B-Sample: Nissan Scope 2 MID Navi Australien (DAB) | D55: 0689 (DL) | E55: imx | F55: RFS_GEN3_2 | G55: rnaivi_nav | H55: No_Chenc | I55: Bosch_Navigation | J55: Nissan | K55: NAV-Mid | L55: Nissan_HMI_Scope_2.0 | M55: PARTITION_SCHEMA32__NavLargeSdb | N55: NO_EMMC | O55: PRC_SDB | P55: =IF(AND(OR(INDIRECT("K" & ROW())="NAV-Premium",INDIRECT("K" & ROW())="DA-Premium"),INDIRECT("M" & ROW())="PARTITION_SCHEMA128__NavPiviJpn", INDIRECT("O" & ROW())="JPN_SDB"),'SDB vs GN'!$B$41, IF(INDIRECT("H" & ROW())="Chenc",'SDB vs GN'!$B$40, VLOOKUP(INDIRECT("O" & ROW()),'SDB vs GN'!$A$16:$B$38,2,FALSE))) -> 734_CN_831_AUSKRJPN | Q55: V850_Scope_2 | R55: AARS_IVI_S2_AC_DAB | S55: Arkamys_Classic | T55: SXM_not_updatable | U55: No_eCore | V55: APAC_ST2.0_N_MID | W55: Teseo_2_updatable | X55: FPGA_and_CPLD_not_updatable | Y55: NO_CPLD_PEXT | Z55: NO_ETH_SWITCH | AB55: 541 | AC55: 7.510.750.809-98 | AD55: use
A56: 53 | B56: =DEC2HEX(A56,4) -> 0035 | C56: Nissan Scope 2 MID Navi US (HD) | D56: 0692 (Quad) | E56: imx | F56: RFS_GEN3_2 | G56: rnaivi_nav | H56: No_Chenc | I56: Bosch_Navigation | J56: Nissan | K56: NAV-Mid | L56: Nissan_HMI_Scope_2.0 | M56: PARTITION_SCHEMA32__NavSmallSdb | N56: NO_EMMC | O56: NAM_SDB | P56: =IF(AND(OR(INDIRECT("K" & ROW())="NAV-Premium",INDIRECT("K" & ROW())="DA-Premium"),INDIRECT("M" & ROW())="PARTITION_SCHEMA128__NavPiviJpn", INDIRECT("O" & ROW())="JPN_SDB"),'SDB vs GN'!$B$41, IF(INDIRECT("H" & ROW())="Chenc",'SDB vs GN'!$B$40, VLOOKUP(INDIRECT("O" & ROW()),'SDB vs GN'!$A$16:$B$38,2,FALSE))) -> 727_NAM | Q56: V850_Scope_2 | R56: AARS_IVI_S2_AC_HD | S56: Arkamys_Classic | T56: SXM_updatable | U56: No_eCore | V56: NAM_ST2.0_N_MID | W56: Teseo_3_updatable | X56: FPGA_and_CPLD_not_updatable | Y56: NO_CPLD_PEXT | Z56: NO_ETH_SWITCH | AB56: 486 | AC56: 7.510.750.887-01('HW 001') | AD56: use
A57: 54 | B57: =DEC2HEX(A57,4) -> 0036 | C57: Nissan P-IVI NAV-Premium JPN(JPN) (DARC) | D57: 0701 (Quad) | E57: imx | F57: RFS_GEN3_8 | G57: npivi_nav | H57: No_Chenc | I57: Japan_Navigation | J57: Nissan | K57: NAV-Premium | L57: Nissan_HMI_P-IVI_2.1 | M57: PARTITION_SCHEMA64__NavRenault | N57: NO_EMMC | O57: JPN_SDB | P57: =IF(AND(OR(INDIRECT("K" & ROW())="NAV-Premium",INDIRECT("K" & ROW())="DA-Premium"),INDIRECT("M" & ROW())="PARTITION_SCHEMA128__NavPiviJpn", INDIRECT("O" & ROW())="JPN_SDB"),'SDB vs GN'!$B$41, IF(INDIRECT("H" & ROW())="Chenc",'SDB vs GN'!$B$40, VLOOKUP(INDIRECT("O" & ROW()),'SDB vs GN'!$A$16:$B$38,2,FALSE))) -> 742_JPN_831_AUSKRJPN | Q57: V850_Scope_2 | R57: AARS_IVI_S2_AC_DARC | S57: Arkamys_Classic | T57: SXM_not_updatable | U57: No_eCore | V57: Japan (ST2.1_N_PIVI) | W57: Teseo_3_updatable | X57: EXT_FPGA_updatable | Y57: NO_CPLD_PEXT | Z57: NO_ETH_SWITCH | AB57: 495 | AC57: 7.510.750.928-01 | AD57: block_le20
A58: 55 | B58: =DEC2HEX(A58,4) -> 0037 | C58: Renault Scope 2.1 Core DA, EN_DD_FM_noMAP | D58: 0699 (DL) | E58: imx | F58: RFS_GEN3_7 | G58: rivie_da_core | H58: No_Chenc | I58: No_Navigation | J58: Renault | K58: DA-Core | L58: Renault_HMI_Scope_2.1 | M58: PARTITION_SCHEMA8__ST2X_DARenaultObigo | N58: NO_EMMC | O58: No_SDB | P58: =IF(AND(OR(INDIRECT("K" & ROW())="NAV-Premium",INDIRECT("K" & ROW())="DA-Premium"),INDIRECT("M" & ROW())="PARTITION_SCHEMA128__NavPiviJpn", INDIRECT("O" & ROW())="JPN_SDB"),'SDB vs GN'!$B$41, IF(INDIRECT("H" & ROW())="Chenc",'SDB vs GN'!$B$40, VLOOKUP(INDIRECT("O" & ROW()),'SDB vs GN'!$A$16:$B$38,2,FALSE))) -> No_Gracenote | Q58: V850_Scope_2 | R58: AARS_IVI_S2_AC_FMSD | S58: Arkamys_Classic | T58: SXM_not_updatable | U58: No_eCore | V58: No_Map | W58: Teseo_3_updatable | X58: FPGA_and_CPLD_not_updatable | Y58: NO_CPLD_PEXT | Z58: NO_ETH_SWITCH | AB58: 467 | AC58: 7.500.750.817-01 | AD58: use
A59: 56 | B59: =DEC2HEX(A59,4) -> 0038 | C59: Renault Scope 2.1 Core DA, EN_DD_DAB_noMAP | D59: 0699 (DL) | E59: imx | F59: RFS_GEN3_7 | G59: rivie_da_core | H59: No_Chenc | I59: No_Navigation | J59: Renault | K59: DA-Core | L59: Renault_HMI_Scope_2.1 | M59: PARTITION_SCHEMA8__ST2X_DARenaultObigo | N59: NO_EMMC | O59: No_SDB | P59: =IF(AND(OR(INDIRECT("K" & ROW())="NAV-Premium",INDIRECT("K" & ROW())="DA-Premium"),INDIRECT("M" & ROW())="PARTITION_SCHEMA128__NavPiviJpn", INDIRECT("O" & ROW())="JPN_SDB"),'SDB vs GN'!$B$41, IF(INDIRECT("H" & ROW())="Chenc",'SDB vs GN'!$B$40, VLOOKUP(INDIRECT("O" & ROW()),'SDB vs GN'!$A$16:$B$38,2,FALSE))) -> No_Gracenote | Q59: V850_Scope_2 | R59: AARS_IVI_S2_AC_DAB | S59: Arkamys_Classic | T59: SXM_not_updatable | U59: No_eCore | V59: No_Map | W59: Teseo_3_updatable | X59: FPGA_and_CPLD_not_updatable | Y59: NO_CPLD_PEXT | Z59: NO_ETH_SWITCH | AB59: 468 ??? | AC59: 7.500.750.818-01, 7.503.750.816-01, 7.503.750.816-02, 7.503.750.816, 7.503.750.890, 7.503.751.200, 7.503.751.214, 7.503.751.273, 7.503.751.329, 7.503.751.377, 7.503.751.416 | AD59: use | AH59: [wzr2hi, 30.08.2017] Added 7.503.750.816-01 for TSB1.BrgP (SBX) [wzr2hi, 13.03.2018] Added 7.503.750.816-02 for TSB2.BrgP (V4/V5 SBX) [wzr2hi, 20.06.2018] Added 7.503.750.816 for PreProd1.BrgP (V4/V5 SBX) [wzr2hi, 05.09.2018] Added 7.503.750.890 for PreProd2.BrgP (V4/V5SBX) [wzr2hi, 04.12.2018] Added 7.503.751.200 for X07 PPC.BrgP (V4 SBX) [wzr2hi, 28.01.2019] Added 7.503.751.214 for PreProd3.BrgP (V4/V5 SBX) => [wzr2hi, 28.03.2019] Moved to MP-UPD.BrgP (V4/V5 SBX X07 DLO) [wzr2hi, 28.03.2019] Added 7.503.751.273 for MP-UPD.BrgP (V4/V5 SBX X07 DLO) [wzr2hi, 23.08.2019] Added 7.503.751.329 for QLU0.1.BrgP (V4/V5 SBX) [wzr2hi, 07.10.2019] Added 7.503.751.377 for QLU1.BrgP (V4/V5 SBX) [wzr2hi, 19.06.2020] Added 7.503.751.416 for QLU1.BrgP (V4/V5 SBX) (SIIX)
A60: 57 | B60: =DEC2HEX(A60,4) -> 0039 | C60: Renault Scope 2.1 Entry Navi EUR DAB | D60: 0694 (DL) | E60: imx | F60: RFS_GEN3_4 | G60: rivie_nav | H60: No_Chenc | I60: Bosch_Navigation | J60: Renault | K60: NAV-Core | L60: Renault_HMI_Scope_2.1 | M60: PARTITION_SCHEMA32__ST2X_NavRenaultObigo | N60: NO_EMMC | O60: EUR_SDB | P60: =IF(AND(OR(INDIRECT("K" & ROW())="NAV-Premium",INDIRECT("K" & ROW())="DA-Premium"),INDIRECT("M" & ROW())="PARTITION_SCHEMA128__NavPiviJpn", INDIRECT("O" & ROW())="JPN_SDB"),'SDB vs GN'!$B$41, IF(INDIRECT("H" & ROW())="Chenc",'SDB vs GN'!$B$40, VLOOKUP(INDIRECT("O" & ROW()),'SDB vs GN'!$A$16:$B$38,2,FALSE))) -> 731_EUR | Q60: V850_Scope_2 | R60: AARS_IVI_S2_AC_DAB | S60: Arkamys_Classic | T60: SXM_not_updatable | U60: No_eCore | V60: EUR_LP_ST2.1_R_ENTRY | W60: Teseo_3_updatable | X60: FPGA_and_CPLD_not_updatable | Y60: NO_CPLD_PEXT | Z60: NO_ETH_SWITCH | AB60: 480 | AC60: 7.510.750.872-01 | AD60: use
A61: 58 | B61: =DEC2HEX(A61,4) -> 003A | C61: Renault Scope 2.1 Core Nav, EN_ND_HD_NAR | D61: 0694 (DL) | E61: imx | F61: RFS_GEN3_4 | G61: rivie_nav | H61: No_Chenc | I61: Bosch_Navigation | J61: Renault | K61: NAV-Core | L61: Renault_HMI_Scope_2.1 | M61: PARTITION_SCHEMA32__ST2X_NavRenaultNarObigo | N61: NO_EMMC | O61: NAM_SDB | P61: =IF(AND(OR(INDIRECT("K" & ROW())="NAV-Premium",INDIRECT("K" & ROW())="DA-Premium"),INDIRECT("M" & ROW())="PARTITION_SCHEMA128__NavPiviJpn", INDIRECT("O" & ROW())="JPN_SDB"),'SDB vs GN'!$B$41, IF(INDIRECT("H" & ROW())="Chenc",'SDB vs GN'!$B$40, VLOOKUP(INDIRECT("O" & ROW()),'SDB vs GN'!$A$16:$B$38,2,FALSE))) -> 727_NAM | Q61: V850_Scope_2 | R61: AARS_IVI_S2_AC_HD | S61: Arkamys_Classic | T61: SXM_not_updatable | U61: No_eCore | V61: NAM_LP_ST2.1_R_ENTRY | W61: Teseo_3_updatable | X61: FPGA_and_CPLD_not_updatable | Y61: NO_CPLD_PEXT | Z61: NO_ETH_SWITCH | AB61: 481 ??? | AC61: 7.510.750.873-01, 7.513.750.842-02, 7.513.750.842, 7.513.751.153 | AD61: use | AH61: Missing SXM for NA variants is weird. [wzr2hi, 22.08.2016] No Renault-HW has SXM (execpt 834). [wzr2hi, 13.03.2018] Added 7.513.750.842-02 for TSB2.BrgP (V4/V5 SBX) [wzr2hi, 20.06.2018] Added 7.513.750.842 for PreProd1.BrgP (V4/V5 SBX) [wzr2hi, 05.09.2018] Added 7.513.751.153 for PreProd2.BrgP (V4/V5 SBX)
A62: 59 | B62: =DEC2HEX(A62,4) -> 003B | C62: Renault Scope 2.1 Full Nav, MI_NDL_DAB_[ETH]_EUR | D62: 069A (Quad) | E62: imx | F62: RFS_GEN3_5 | G62: rivie_nav_full | H62: No_Chenc | I62: Bosch_Navigation | J62: Renault | K62: NAV-Full | L62: Renault_HMI_Scope_2.1 | M62: PARTITION_SCHEMA64__ST2X_NavRenault | N62: NO_EMMC | O62: EUR_SDB | P62: =IF(AND(OR(INDIRECT("K" & ROW())="NAV-Premium",INDIRECT("K" & ROW())="DA-Premium"),INDIRECT("M" & ROW())="PARTITION_SCHEMA128__NavPiviJpn", INDIRECT("O" & ROW())="JPN_SDB"),'SDB vs GN'!$B$41, IF(INDIRECT("H" & ROW())="Chenc",'SDB vs GN'!$B$40, VLOOKUP(INDIRECT("O" & ROW()),'SDB vs GN'!$A$16:$B$38,2,FALSE))) -> 731_EUR | Q62: V850_Scope_2 | R62: AARS_IVI_S2_AC_DAB | S62: Arkamys_Classic | T62: SXM_not_updatable | U62: eCore | V62: EUR_LP_ST2.1_R_MID | W62: Teseo_3_updatable | X62: FPGA_and_CPLD_not_updatable | Y62: NO_CPLD_PEXT | Z62: NO_ETH_SWITCH | AB62: 484 485 ??? ??? ??? | AC62: 7.510.750.875-01, 7.510.750.876-01, 7.513.750.823-01, 7.513.750.824-01, 7.513.750.843-01, 7.510.750.902-01, 7.513.750.823-02, 7.513.750.843-02, 7.513.750.823, 7.513.750.843, 7.513.751.154, 7.513.751.180, 7.513.751.714, 7.513.751.750, 7.513.751.893 | AD62: use | AH62: Renault Scope 2.1 Mid Navi EUR DAB Renault Scope 2.1 Mid Navi EUR DAB [wzr2hi, 30.08.2017] Added 7.513.750.823-01 for TSB1.BrgP (SBX) (Renault Scope 2.1 Full Nav, MI_NDL_DAB_EUR) [wzr2hi, 30.08.2017] Added 7.513.750.824-01 for TSB1.BrgP (SBX) (Renault Scope 2.1 Full Nav, MI_NDL_DAB_ETH_EUR) [wzr2hi, 30.08.2017] Added 7.513.750.843-01 for TSB1.BrgP (SBX) (Renault Scope 2.1 Full Nav, MI_NDL_DAB_ETH (PV Test) [wzr2hi, 06.09.2017] Added 7.510.750.902-01 ("HW-UBoot") [wzr2hi, 13.03.2018] Added 7.513.750.823-02 for TSB2.BrgP (V4/V5 SBX) (Renault Scope 2.1 Full Nav, MI_NDL_DAB_EUR) [wzr2hi, 13.03.2018] Added 7.513.750.843-02 for TSB2.BrgP (V4/V5 SBX) (Renault Scope 2.1 Full Nav, MI_NDL_DAB_ETH_EUR) [wzr2hi, 20.06.2018] Added 7.513.750.823 for PreProd1.BrgP (V4/V5 SBX) (Renault Scope 2.1 Full Nav, MI_NDL_DAB_EUR) [wzr2hi, 20.06.2018] Added 7.513.750.843 for PreProd1.BrgP (V4/V5 SBX) (Renault Scope 2.1 Full Nav, MI_NDL_DAB_ETH_EUR) [wzr2hi, 05.09.2018] Added 7.513.751.154 for PreProd2.BrgP (V4/V5 SBX) [wzr2hi, 05.09.2018] Added 7.513.751.180 for PreProd2.BrgP (V4/V5 SBX) [wzr2hi, 23.08.2019] Added 7.513.751.714 for QLU0.1.BrgP (V4/V5 SBX) [wzr2hi, 07.10.2019] Added 7.513.751.750 for QLU1.BrgP (V4/V5 SBX) [wzr2hi, 19.06.2020] Added 7.513.751.893 for QLU1.BrgP (V4/V5 SBX) (SIIX)
A63: 60 | B63: =DEC2HEX(A63,4) -> 003C | C63: Renault Scope 2.1 Full Navi NAM HD | D63: 069A (Quad) | E63: imx | F63: RFS_GEN3_5 | G63: rivie_nav_full | H63: No_Chenc | I63: Bosch_Navigation | J63: Renault | K63: NAV-Full | L63: Renault_HMI_Scope_2.1 | M63: PARTITION_SCHEMA64__ST2X_NavRenault | N63: NO_EMMC | O63: NAM_SDB | P63: =IF(AND(OR(INDIRECT("K" & ROW())="NAV-Premium",INDIRECT("K" & ROW())="DA-Premium"),INDIRECT("M" & ROW())="PARTITION_SCHEMA128__NavPiviJpn", INDIRECT("O" & ROW())="JPN_SDB"),'SDB vs GN'!$B$41, IF(INDIRECT("H" & ROW())="Chenc",'SDB vs GN'!$B$40, VLOOKUP(INDIRECT("O" & ROW()),'SDB vs GN'!$A$16:$B$38,2,FALSE))) -> 727_NAM | Q63: V850_Scope_2 | R63: AARS_IVI_S2_AC_HD | S63: Arkamys_Classic | T63: SXM_not_updatable | U63: eCore | V63: NAM_LP_ST2.1_R_MID | W63: Teseo_3_updatable | X63: FPGA_and_CPLD_not_updatable | Y63: NO_CPLD_PEXT | Z63: NO_ETH_SWITCH | AB63: 482 | AC63: 7.510.750.877-01 | AD63: use | AH63: Missing SXM for NA variants is weird. @Ralph: Please check with HW [wzr2hi, 22.08.2016] No Renault-HW has SXM.
A64: 61 | B64: =DEC2HEX(A64,4) -> 003D | C64: Nissan Scope 2 DA-MID NAR (AM/FM) | D64: 069B (Single) | E64: imx | F64: RFS_GEN3_3 | G64: rnaivi_da | H64: No_Chenc | I64: No_Navigation | J64: Nissan | K64: DA-Mid | L64: Nissan_HMI_Scope_2.0 | M64: PARTITION_SCHEMA8__DASdb | N64: NO_EMMC | O64: NAM_SDB | P64: =IF(AND(OR(INDIRECT("K" & ROW())="NAV-Premium",INDIRECT("K" & ROW())="DA-Premium"),INDIRECT("M" & ROW())="PARTITION_SCHEMA128__NavPiviJpn", INDIRECT("O" & ROW())="JPN_SDB"),'SDB vs GN'!$B$41, IF(INDIRECT("H" & ROW())="Chenc",'SDB vs GN'!$B$40, VLOOKUP(INDIRECT("O" & ROW()),'SDB vs GN'!$A$16:$B$38,2,FALSE))) -> 727_NAM | Q64: V850_Scope_2 | R64: AARS_IVI_S2_AC_FM | S64: Arkamys_Classic | T64: SXM_updatable | U64: No_eCore | V64: No_Map | W64: GNSS_not_updatable | X64: FPGA_and_CPLD_not_updatable | Y64: NO_CPLD_PEXT | Z64: NO_ETH_SWITCH | AB64: 452 | AC64: 7.500.750.807-01 | AD64: use | AH64: SDB: NAM/LAC/GCC cannot be handled by SW within one partnumber. It is not possible to have 3 different sets of SDB-Data in the same device. Currently NAM is assumed by SW. Decision by SM/PD/PM 13.01.17 DA Variants do not have SDB, nor Gracenote data. Therefore added LAC/GCC. [wzr2hi, 09.05.2017] Removed LAC/GCC from the Grouping again. VM column destination is clear about NAM.
A65: 62 | B65: =DEC2HEX(A65,4) -> 003E | C65: Nissan Scope 2 DA-MID EUR/RUS (AM/FM) | D65: 069B (Single) | E65: imx | F65: RFS_GEN3_3 | G65: rnaivi_da | H65: No_Chenc | I65: No_Navigation | J65: Nissan | K65: DA-Mid | L65: Nissan_HMI_Scope_2.0 | M65: PARTITION_SCHEMA8__DASdb | N65: NO_EMMC | O65: DA2_SDB | P65: =IF(AND(OR(INDIRECT("K" & ROW())="NAV-Premium",INDIRECT("K" & ROW())="DA-Premium"),INDIRECT("M" & ROW())="PARTITION_SCHEMA128__NavPiviJpn", INDIRECT("O" & ROW())="JPN_SDB"),'SDB vs GN'!$B$41, IF(INDIRECT("H" & ROW())="Chenc",'SDB vs GN'!$B$40, VLOOKUP(INDIRECT("O" & ROW()),'SDB vs GN'!$A$16:$B$38,2,FALSE))) -> 735_LA_831_AUSKRJPN | Q65: V850_Scope_2 | R65: AARS_IVI_S2_AC_FM | S65: Arkamys_Classic | T65: SXM_not_updatable | U65: No_eCore | V65: No_Map | W65: GNSS_not_updatable | X65: FPGA_and_CPLD_not_updatable | Y65: NO_CPLD_PEXT | Z65: NO_ETH_SWITCH | AB65: 441 | AC65: 7.500.750.811-01 | AD65: use
A66: 63 | B66: =DEC2HEX(A66,4) -> 003F | C66: Nissan Scope 2 DA-MID EUR/GBR (DAB) | D66: 069B (Single) | E66: imx | F66: RFS_GEN3_3 | G66: rnaivi_da | H66: No_Chenc | I66: No_Navigation | J66: Nissan | K66: DA-Mid | L66: Nissan_HMI_Scope_2.0 | M66: PARTITION_SCHEMA8__DASdb | N66: NO_EMMC | O66: EUL_SDB | P66: =IF(AND(OR(INDIRECT("K" & ROW())="NAV-Premium",INDIRECT("K" & ROW())="DA-Premium"),INDIRECT("M" & ROW())="PARTITION_SCHEMA128__NavPiviJpn", INDIRECT("O" & ROW())="JPN_SDB"),'SDB vs GN'!$B$41, IF(INDIRECT("H" & ROW())="Chenc",'SDB vs GN'!$B$40, VLOOKUP(INDIRECT("O" & ROW()),'SDB vs GN'!$A$16:$B$38,2,FALSE))) -> 731_EUR | Q66: V850_Scope_2 | R66: AARS_IVI_S2_AC_DAB | S66: Arkamys_Classic | T66: SXM_not_updatable | U66: No_eCore | V66: No_Map | W66: GNSS_not_updatable | X66: FPGA_and_CPLD_not_updatable | Y66: NO_CPLD_PEXT | Z66: NO_ETH_SWITCH | AB66: 454 | AC66: 7.500.750.813-01 | AD66: use
A67: 64 | B67: =DEC2HEX(A67,4) -> 0040 | C67: Nissan Scope 2 MID Navi EUR (DAB) | D67: 069C (DL) | E67: imx | F67: RFS_GEN3_2 | G67: rnaivi_nav | H67: No_Chenc | I67: Bosch_Navigation | J67: Nissan | K67: NAV-Mid | L67: Nissan_HMI_Scope_2.0 | M67: PARTITION_SCHEMA32__NavLargeSdb | N67: NO_EMMC | O67: EUR_SDB | P67: =IF(AND(OR(INDIRECT("K" & ROW())="NAV-Premium",INDIRECT("K" & ROW())="DA-Premium"),INDIRECT("M" & ROW())="PARTITION_SCHEMA128__NavPiviJpn", INDIRECT("O" & ROW())="JPN_SDB"),'SDB vs GN'!$B$41, IF(INDIRECT("H" & ROW())="Chenc",'SDB vs GN'!$B$40, VLOOKUP(INDIRECT("O" & ROW()),'SDB vs GN'!$A$16:$B$38,2,FALSE))) -> 731_EUR | Q67: V850_Scope_2 | R67: AARS_IVI_S2_AC_DAB | S67: Arkamys_Classic | T67: SXM_not_updatable | U67: No_eCore | V67: EUR_ST2.0_N_MID | W67: Teseo_3_updatable | X67: FPGA_and_CPLD_not_updatable | Y67: NO_CPLD_PEXT | Z67: NO_ETH_SWITCH | AB67: 461 | AC67: 7.510.750.845-01 | AD67: use
A68: 65 | B68: =DEC2HEX(A68,4) -> 0041 | C68: Nissan Scope 2 NAV-Mid NAM(US/CAN) (HD) | D68: 069D (Quad) | E68: imx | F68: RFS_GEN3_2 | G68: rnaivi_nav | H68: No_Chenc | I68: Bosch_Navigation | J68: Nissan | K68: NAV-Mid | L68: Nissan_HMI_Scope_2.0 | M68: PARTITION_SCHEMA32__NavSmallSdb | N68: NO_EMMC | O68: NAM_SDB | P68: =IF(AND(OR(INDIRECT("K" & ROW())="NAV-Premium",INDIRECT("K" & ROW())="DA-Premium"),INDIRECT("M" & ROW())="PARTITION_SCHEMA128__NavPiviJpn", INDIRECT("O" & ROW())="JPN_SDB"),'SDB vs GN'!$B$41, IF(INDIRECT("H" & ROW())="Chenc",'SDB vs GN'!$B$40, VLOOKUP(INDIRECT("O" & ROW()),'SDB vs GN'!$A$16:$B$38,2,FALSE))) -> 727_NAM | Q68: V850_Scope_2 | R68: AARS_IVI_S2_AC_HD | S68: Arkamys_Classic | T68: SXM_updatable | U68: No_eCore | V68: NAM_ST2.0_N_MID | W68: Teseo_3_updatable | X68: FPGA_and_CPLD_not_updatable | Y68: NO_CPLD_PEXT | Z68: NO_ETH_SWITCH | AB68: 459 514 516 | AC68: 7.510.750.850-01, 7.510.750.889-01, 7.510.750.895-01 | AD68: use | AH68: Added 7.510.750.895-01
A69: 66 | B69: =DEC2HEX(A69,4) -> 0042 | C69: Renault Scope 2.1 Entry Navi EUR (Mahgreb) (AM/FM) | D69: 0694 (DL) | E69: imx | F69: RFS_GEN3_4 | G69: rivie_nav | H69: No_Chenc | I69: Bosch_Navigation | J69: Renault | K69: NAV-Access | L69: Renault_HMI_Scope_2.1 | M69: PARTITION_SCHEMA32__ST2X_NavRenaultObigo | N69: NO_EMMC | O69: EUR_SDB | P69: =IF(AND(OR(INDIRECT("K" & ROW())="NAV-Premium",INDIRECT("K" & ROW())="DA-Premium"),INDIRECT("M" & ROW())="PARTITION_SCHEMA128__NavPiviJpn", INDIRECT("O" & ROW())="JPN_SDB"),'SDB vs GN'!$B$41, IF(INDIRECT("H" & ROW())="Chenc",'SDB vs GN'!$B$40, VLOOKUP(INDIRECT("O" & ROW()),'SDB vs GN'!$A$16:$B$38,2,FALSE))) -> 731_EUR | Q69: V850_Scope_2 | R69: AARS_IVI_S2_AC_FM | S69: Arkamys_Classic | T69: SXM_not_updatable | U69: No_eCore | V69: EUR_LP_ST2.1_R_ENTRY | W69: Teseo_3_updatable | X69: FPGA_and_CPLD_not_updatable | Y69: NO_CPLD_PEXT | Z69: NO_ETH_SWITCH | AB69: ??? | AC69: 7.510.750.871-01, 7.510.750.881-01, 7.510.750.879-01, 7.510.750.879-02, 7.510.750.881-02 | AD69: use | AH69: [wzr2hi, 26.10.2017] 7.510.750.871-01 is a Nav-Core. This no problem as long as there is no difference between NAV-Access and NAV-Core. Do not add more NAV-Core to this FCID.
A70: 67 | B70: =DEC2HEX(A70,4) -> 0043 | C70: Renault Scope 2.1 Mid Navi EUR (Mahgreb) (AM/FM) | D70: 069A (Quad) | E70: imx | F70: RFS_GEN3_5 | G70: rivie_nav_full | H70: No_Chenc | I70: Bosch_Navigation | J70: Renault | K70: NAV-Full | L70: Renault_HMI_Scope_2.1 | M70: PARTITION_SCHEMA64__ST2X_NavRenault | N70: NO_EMMC | O70: EUR_SDB | P70: =IF(AND(OR(INDIRECT("K" & ROW())="NAV-Premium",INDIRECT("K" & ROW())="DA-Premium"),INDIRECT("M" & ROW())="PARTITION_SCHEMA128__NavPiviJpn", INDIRECT("O" & ROW())="JPN_SDB"),'SDB vs GN'!$B$41, IF(INDIRECT("H" & ROW())="Chenc",'SDB vs GN'!$B$40, VLOOKUP(INDIRECT("O" & ROW()),'SDB vs GN'!$A$16:$B$38,2,FALSE))) -> 731_EUR | Q70: V850_Scope_2 | R70: AARS_IVI_S2_AC_FMSD | S70: Arkamys_Classic | T70: SXM_not_updatable | U70: eCore | V70: EUR_LP_ST2.1_R_MID | W70: Teseo_3_updatable | X70: FPGA_and_CPLD_not_updatable | Y70: NO_CPLD_PEXT | Z70: NO_ETH_SWITCH | AB70: 483 | AC70: 7.510.750.874-01 | AD70: use
A71: 68 | B71: =DEC2HEX(A71,4) -> 0044 | C71: Renault Scope 2.1 Access DA, EN_{DAF|DAC}_DAB_noMAP | D71: 0695 (Single) | E71: imx | F71: RFS_GEN3_6 | G71: rivie_da | H71: No_Chenc | I71: No_Navigation | J71: Renault | K71: DA-Access | L71: Renault_HMI_Scope_2.1 | M71: PARTITION_SCHEMA8__ST2X_DARenaultObigo | N71: NO_EMMC | O71: No_SDB | P71: =IF(AND(OR(INDIRECT("K" & ROW())="NAV-Premium",INDIRECT("K" & ROW())="DA-Premium"),INDIRECT("M" & ROW())="PARTITION_SCHEMA128__NavPiviJpn", INDIRECT("O" & ROW())="JPN_SDB"),'SDB vs GN'!$B$41, IF(INDIRECT("H" & ROW())="Chenc",'SDB vs GN'!$B$40, VLOOKUP(INDIRECT("O" & ROW()),'SDB vs GN'!$A$16:$B$38,2,FALSE))) -> No_Gracenote | Q71: V850_Scope_2 | R71: AARS_IVI_S2_AC_DAB | S71: Arkamys_Classic | T71: SXM_not_updatable | U71: No_eCore | V71: No_Map | W71: Teseo_3_updatable | X71: FPGA_and_CPLD_not_updatable | Y71: NO_CPLD_PEXT | Z71: NO_ETH_SWITCH | AB71: 473 ??? ??? ??? | AC71: 7.510.750.878-01, 7.510.750.878-02, 7.500.750.824-01, 7.510.750.878-03, 7.503.750.825-01, 7.503.750.825-02, 7.503.750.825, 7.503.751.202-01 | AD71: use | AH71: [04.01.17] Moved 7.500.750.816-01, 7.500.750.819-01 to FCID 76 (004C) due to (silently) removed DAB. [wzr2hi, 13.06.2017] Added 7.500.750.824-01 for DSB3.Hi [wzr2hi, 03.11.2017] Added 7.510.750.878-03 for DSB4.Hi [wzr2hi, 13.11.2017] Added 7.503.750.825-01 for TSB1.BrgP [wzr2hi, 12.03.2018] Added 7.503.750.825-02 for TSB2.BrgP (V2) [wzr2hi, 19.07.2018] Added 7.503.750.825 for PP1.BrgP (V2) [wzr2hi, 03.12.2018] Added 7.503.751.202-01 for TSB1.BrgP (V1)
A72: 69 | B72: =DEC2HEX(A72,4) -> 0045 | C72: Nissan P-IVI NAV-Premium US (HD) | D72: 0702 (Quad) | E72: imx | F72: RFS_GEN3_8 | G72: npivi_nav | H72: No_Chenc | I72: Bosch_Navigation | J72: Nissan | K72: NAV-Premium | L72: Nissan_HMI_P-IVI_2.1 | M72: PARTITION_SCHEMA64__NavRenault | N72: NO_EMMC | O72: NAM_SDB | P72: =IF(AND(OR(INDIRECT("K" & ROW())="NAV-Premium",INDIRECT("K" & ROW())="DA-Premium"),INDIRECT("M" & ROW())="PARTITION_SCHEMA128__NavPiviJpn", INDIRECT("O" & ROW())="JPN_SDB"),'SDB vs GN'!$B$41, IF(INDIRECT("H" & ROW())="Chenc",'SDB vs GN'!$B$40, VLOOKUP(INDIRECT("O" & ROW()),'SDB vs GN'!$A$16:$B$38,2,FALSE))) -> 727_NAM | Q72: V850_PIVI_C1 | R72: AARS_IVI_S2_AC_HD | S72: Arkamys_Classic | T72: SXM_updatable | U72: No_eCore | V72: NAM_P_ST2.1_N_PIVI | W72: Teseo_3_updatable | X72: FPGA_and_CPLD_not_updatable | Y72: NO_CPLD_PEXT | Z72: NO_ETH_SWITCH | AB72: ??? | AC72: 7.510.750.920-02, 7.510.750.920-03[discarded] | AD72: block_le20 | AH72: [wzr2hi, 23.02.2017] Added 7.510.750.920-03, Reenabled SXM. [wzr2hi, 07.03.2017] 7.510.750.920-03 replaced by FCID 0x0072 below.
A73: 70 | B73: =DEC2HEX(A73,4) -> 0046 | C73: Nissan P-IVI NAV-Premium EUR (DAB) | D73: 0703 (Quad Plus) | E73: imx | F73: RFS_GEN3_8 | G73: npivi_nav | H73: No_Chenc | I73: Bosch_Navigation | J73: Nissan | K73: NAV-Premium | L73: Nissan_HMI_P-IVI_2.1 | M73: PARTITION_SCHEMA64__NavRenault | N73: NO_EMMC | O73: EUR_SDB | P73: =IF(AND(OR(INDIRECT("K" & ROW())="NAV-Premium",INDIRECT("K" & ROW())="DA-Premium"),INDIRECT("M" & ROW())="PARTITION_SCHEMA128__NavPiviJpn", INDIRECT("O" & ROW())="JPN_SDB"),'SDB vs GN'!$B$41, IF(INDIRECT("H" & ROW())="Chenc",'SDB vs GN'!$B$40, VLOOKUP(INDIRECT("O" & ROW()),'SDB vs GN'!$A$16:$B$38,2,FALSE))) -> 731_EUR | Q73: V850_PIVI_C1 | R73: AARS_IVI_S2_AC_DAB | S73: Arkamys_Classic | T73: SXM_not_updatable | U73: No_eCore | V73: EUR_P_ST2.1_N_PIVI | W73: Teseo_3_updatable | X73: FPGA_and_CPLD_not_updatable | Y73: NO_CPLD_PEXT | Z73: NO_ETH_SWITCH | AB73: ??? | AC73: 7.510.750.926-02 | AD73: block_le20
A74: 71 | B74: =DEC2HEX(A74,4) -> 0047 | C74: Nissan P-IVI NAV-Premium JPN(JPN) (DARC) | D74: 0702 (Quad) | E74: imx | F74: RFS_GEN3_8 | G74: npivi_nav | H74: No_Chenc | I74: Bosch_Navigation | J74: Nissan | K74: NAV-Premium | L74: Nissan_HMI_P-IVI_2.1 | M74: PARTITION_SCHEMA64__NavRenault | N74: NO_EMMC | O74: JPN_SDB | P74: =IF(AND(OR(INDIRECT("K" & ROW())="NAV-Premium",INDIRECT("K" & ROW())="DA-Premium"),INDIRECT("M" & ROW())="PARTITION_SCHEMA128__NavPiviJpn", INDIRECT("O" & ROW())="JPN_SDB"),'SDB vs GN'!$B$41, IF(INDIRECT("H" & ROW())="Chenc",'SDB vs GN'!$B$40, VLOOKUP(INDIRECT("O" & ROW()),'SDB vs GN'!$A$16:$B$38,2,FALSE))) -> 742_JPN_831_AUSKRJPN | Q74: V850_PIVI_C1 | R74: AARS_IVI_S2_AC_DARC | S74: Arkamys_Classic | T74: SXM_not_updatable | U74: No_eCore | V74: Japan (ST2.1_N_PIVI) | W74: Teseo_3_updatable | X74: EXT_FPGA_updatable | Y74: NO_CPLD_PEXT | Z74: NO_ETH_SWITCH | AB74: ??? | AC74: 7.510.750.928-02 | AD74: block_le20
A75: 72 | B75: =DEC2HEX(A75,4) -> 0048 | C75: Nissan P-IVI NAV-Premium MEA (AM/FM) | D75: 0702 (Quad) | E75: imx | F75: RFS_GEN3_8 | G75: npivi_nav | H75: No_Chenc | I75: Bosch_Navigation | J75: Nissan | K75: NAV-Premium | L75: Nissan_HMI_P-IVI_2.1 | M75: PARTITION_SCHEMA128__NavPiviJpn | N75: NO_EMMC | O75: AFR_SDB | P75: =IF(AND(OR(INDIRECT("K" & ROW())="NAV-Premium",INDIRECT("K" & ROW())="DA-Premium"),INDIRECT("M" & ROW())="PARTITION_SCHEMA128__NavPiviJpn", INDIRECT("O" & ROW())="JPN_SDB"),'SDB vs GN'!$B$41, IF(INDIRECT("H" & ROW())="Chenc",'SDB vs GN'!$B$40, VLOOKUP(INDIRECT("O" & ROW()),'SDB vs GN'!$A$16:$B$38,2,FALSE))) -> 831_AUSKRJPN | Q75: V850_PIVI_C1 | R75: AARS_IVI_S2_AC_FM | S75: Arkamys_Classic | T75: SXM_not_updatable | U75: No_eCore | V75: MEA_ST2.1_N_PIVI | W75: Teseo_3_updatable | X75: FPGA_and_CPLD_not_updatable | Y75: NO_CPLD_PEXT | Z75: NO_ETH_SWITCH | AB75: ??? | AC75: 7.510.750.929-02 | AD75: block_le20
A76: 73 | B76: =DEC2HEX(A76,4) -> 0049 | C76: Renault Scope 2.1 Entry Navi EUR (Mahgreb) (DAB) | D76: 0694 (DL) | E76: imx | F76: RFS_GEN3_4 | G76: rivie_nav | H76: No_Chenc | I76: Bosch_Navigation | J76: Renault | K76: NAV-Access | L76: Renault_HMI_Scope_2.1 | M76: PARTITION_SCHEMA32__ST2X_NavRenaultObigo | N76: NO_EMMC | O76: EUR_SDB | P76: =IF(AND(OR(INDIRECT("K" & ROW())="NAV-Premium",INDIRECT("K" & ROW())="DA-Premium"),INDIRECT("M" & ROW())="PARTITION_SCHEMA128__NavPiviJpn", INDIRECT("O" & ROW())="JPN_SDB"),'SDB vs GN'!$B$41, IF(INDIRECT("H" & ROW())="Chenc",'SDB vs GN'!$B$40, VLOOKUP(INDIRECT("O" & ROW()),'SDB vs GN'!$A$16:$B$38,2,FALSE))) -> 731_EUR | Q76: V850_Scope_2 | R76: AARS_IVI_S2_AC_DAB | S76: Arkamys_Classic | T76: SXM_not_updatable | U76: No_eCore | V76: EUR_LP_ST2.1_R_ENTRY | W76: Teseo_3_updatable | X76: FPGA_and_CPLD_not_updatable | Y76: NO_CPLD_PEXT | Z76: NO_ETH_SWITCH | AB76: 476 471 | AC76: 7.510.750.880-01, 7.510.750.880-02, 7.510.750.882-01, 7.510.750.882-02 | AD76: use
A77: 74 | B77: =DEC2HEX(A77,4) -> 004A | C77: Renault Scope 2.1 Entry Navi GOM (India) (DRM) | D77: 0694 (DL) | E77: imx | F77: RFS_GEN3_4 | G77: rivie_nav | H77: No_Chenc | I77: Bosch_Navigation | J77: Renault | K77: NAV-Access | L77: Renault_HMI_Scope_2.1 | M77: PARTITION_SCHEMA32__ST2X_NavRenaultNarObigo | N77: NO_EMMC | O77: CAS_SDB | P77: =IF(AND(OR(INDIRECT("K" & ROW())="NAV-Premium",INDIRECT("K" & ROW())="DA-Premium"),INDIRECT("M" & ROW())="PARTITION_SCHEMA128__NavPiviJpn", INDIRECT("O" & ROW())="JPN_SDB"),'SDB vs GN'!$B$41, IF(INDIRECT("H" & ROW())="Chenc",'SDB vs GN'!$B$40, VLOOKUP(INDIRECT("O" & ROW()),'SDB vs GN'!$A$16:$B$38,2,FALSE))) -> 731_EUR | Q77: V850_Scope_2 | R77: AARS_IVI_S2_AC_DRM | S77: Arkamys_Classic | T77: SXM_not_updatable | U77: No_eCore | V77: IND_ST2.1_RN_ENTRY | W77: Teseo_3_updatable | X77: FPGA_and_CPLD_not_updatable | Y77: NO_CPLD_PEXT | Z77: NO_ETH_SWITCH | AB77: 472 | AC77: 7.510.750.883-01, 7.510.750.883-02 | AD77: use | AH77: [Igor] Bitte prüft, ob der Typ 831_AUSKRJPN_ (GOM) für die GN korrekt ist. Es könnte auch 734_CN_831_AUSKRJPN (GOM) leider kann ich das nicht sagen. [wzr2hi, 26.04.2017] Laut Stefan Weber gilt immer GCC_SDB/731_EUR.
A78: 75 | B78: =DEC2HEX(A78,4) -> 004B | C78: Renault Scope 2.1 Entry Navi EUR (DAB) | D78: 0694 (DL) | E78: imx | F78: RFS_GEN3_4 | G78: rivie_nav | H78: No_Chenc | I78: Bosch_Navigation | J78: Renault | K78: NAV-Access | L78: Renault_HMI_Scope_2.1 | M78: PARTITION_SCHEMA32__ST2X_NavRenaultObigo | N78: NO_EMMC | O78: EUR_SDB | P78: =IF(AND(OR(INDIRECT("K" & ROW())="NAV-Premium",INDIRECT("K" & ROW())="DA-Premium"),INDIRECT("M" & ROW())="PARTITION_SCHEMA128__NavPiviJpn", INDIRECT("O" & ROW())="JPN_SDB"),'SDB vs GN'!$B$41, IF(INDIRECT("H" & ROW())="Chenc",'SDB vs GN'!$B$40, VLOOKUP(INDIRECT("O" & ROW()),'SDB vs GN'!$A$16:$B$38,2,FALSE))) -> 731_EUR | Q78: V850_Scope_2 | R78: AARS_IVI_S2_AC_DAB | S78: Arkamys_Classic | T78: SXM_not_updatable | U78: No_eCore | V78: EUR_LP_ST2.1_R_ENTRY | W78: Teseo_3_updatable | X78: FPGA_and_CPLD_not_updatable | Y78: NO_CPLD_PEXT | Z78: NO_ETH_SWITCH | AB78: 124 131 | AC78: 7.510.750.884-01, 7.510.750.884-02, 7.510.750.885-01, 7.510.750.885-02 | AD78: use | AH78: Inconsistent data in variant matrix. Nav device without map and SDB data. [wzr2hi, 09.02.2017] Variant Matrix now contains EUR info for SDB/GN/MAP.
A79: 76 | B79: =DEC2HEX(A79,4) -> 004C | C79: Renault Scope 2.1 Access DA, EN_{DAF|DAC}_FM_noMAP | D79: 0695 (Single) | E79: imx | F79: RFS_GEN3_6 | G79: rivie_da | H79: No_Chenc | I79: No_Navigation | J79: Renault | K79: DA-Access | L79: Renault_HMI_Scope_2.1 | M79: PARTITION_SCHEMA8__ST2X_DARenaultObigo | N79: NO_EMMC | O79: No_SDB | P79: =IF(AND(OR(INDIRECT("K" & ROW())="NAV-Premium",INDIRECT("K" & ROW())="DA-Premium"),INDIRECT("M" & ROW())="PARTITION_SCHEMA128__NavPiviJpn", INDIRECT("O" & ROW())="JPN_SDB"),'SDB vs GN'!$B$41, IF(INDIRECT("H" & ROW())="Chenc",'SDB vs GN'!$B$40, VLOOKUP(INDIRECT("O" & ROW()),'SDB vs GN'!$A$16:$B$38,2,FALSE))) -> No_Gracenote | Q79: V850_Scope_2 | R79: AARS_IVI_S2_AC_FM | S79: Arkamys_Classic | T79: SXM_not_updatable | U79: No_eCore | V79: No_Map | W79: Teseo_3_updatable | X79: FPGA_and_CPLD_not_updatable | Y79: NO_CPLD_PEXT | Z79: NO_ETH_SWITCH | AB79: 592 593 ??? ??? ??? | AC79: 7.500.750.879-01, 7.500.750.879-02, 7.500.750.879-03, 7.500.750.879-04, 7.503.750.824-01, 7.503.750.824-02, 7.503.750.824, 7.503.750.906, 7.503.751.201-01 | AD79: use | AH79: [wzr2hi, 04.01.2017] Moved 7.500.750.816-01, 7.500.750.819-01 to FCID 76 (004C) due to missing DAB. [wzr2hi, 13.06.2017] Moved 7.500.750.816-01, 7.500.750.819-01 to own FCID since it turned out that FCID 0x004C has to have a Teseo. [wzr2hi, 13.06.2017] Added 7.500.750.879-03 for DSB3.Hi [wzr2hi, 03.11.2017] Added 7.500.750.879-04 for DSB4.Hi [wzr2hi, 13.11.2017] Added 7.503.750.824-01 for TSB1.BrgP [wzr2hi, 12.03.2018] Added 7.503.750.824-02 for TSB2.BrgP (V2) [wzr2hi, 19.07.2018] Added 7.503.750.824 for PreProd1.BrgP (V2) [wzr2hi, 19.10.2018] Added 7.503.750.906 for PreProd2.BrgP (V2) [wzr2hi, 03.12.2018] Added 7.503.751.201-01 for TSB1.BrgP (V1)
A80: 77 | B80: =DEC2HEX(A80,4) -> 004D | C80: Nissan Scope 2 MID Navi MEA (AM/FM, ex EUR) | D80: 069C (DL) | E80: imx | F80: RFS_GEN3_2 | G80: rnaivi_nav | H80: No_Chenc | I80: Bosch_Navigation | J80: Nissan | K80: NAV-Mid | L80: Nissan_HMI_Scope_2.0 | M80: PARTITION_SCHEMA32__NavSmallSdb | N80: NO_EMMC | O80: AFR_SDB | P80: =IF(AND(OR(INDIRECT("K" & ROW())="NAV-Premium",INDIRECT("K" & ROW())="DA-Premium"),INDIRECT("M" & ROW())="PARTITION_SCHEMA128__NavPiviJpn", INDIRECT("O" & ROW())="JPN_SDB"),'SDB vs GN'!$B$41, IF(INDIRECT("H" & ROW())="Chenc",'SDB vs GN'!$B$40, VLOOKUP(INDIRECT("O" & ROW()),'SDB vs GN'!$A$16:$B$38,2,FALSE))) -> 831_AUSKRJPN | Q80: V850_Scope_2 | R80: AARS_IVI_S2_AC_FM | S80: Arkamys_Classic | T80: SXM_not_updatable | U80: No_eCore | V80: MEA_ST2.0_N_MID | W80: Teseo_3_updatable | X80: FPGA_and_CPLD_not_updatable | Y80: NO_CPLD_PEXT | Z80: NO_ETH_SWITCH | AB80: 544 | AC80: 7.510.750.845-97 | AD80: use | AH80: [wzr2hi, 27.10.2016] Special FCID for RoW-Test requested by Olaf
A81: 78 | B81: =DEC2HEX(A81,4) -> 004E | C81: Nissan Scope 2 MID Navi GOM (AM/FM, ex EUR) | D81: 069C (DL) | E81: imx | F81: RFS_GEN3_2 | G81: rnaivi_nav | H81: No_Chenc | I81: Bosch_Navigation | J81: Nissan | K81: NAV-Mid | L81: Nissan_HMI_Scope_2.0 | M81: PARTITION_SCHEMA32__NavSmallSdb | N81: NO_EMMC | O81: PRC_SDB | P81: =IF(AND(OR(INDIRECT("K" & ROW())="NAV-Premium",INDIRECT("K" & ROW())="DA-Premium"),INDIRECT("M" & ROW())="PARTITION_SCHEMA128__NavPiviJpn", INDIRECT("O" & ROW())="JPN_SDB"),'SDB vs GN'!$B$41, IF(INDIRECT("H" & ROW())="Chenc",'SDB vs GN'!$B$40, VLOOKUP(INDIRECT("O" & ROW()),'SDB vs GN'!$A$16:$B$38,2,FALSE))) -> 734_CN_831_AUSKRJPN | Q81: V850_Scope_2 | R81: AARS_IVI_S2_AC_FM | S81: Arkamys_Classic | T81: SXM_not_updatable | U81: No_eCore | V81: APAC_ST2.0_N_MID | W81: Teseo_3_updatable | X81: FPGA_and_CPLD_not_updatable | Y81: NO_CPLD_PEXT | Z81: NO_ETH_SWITCH | AB81: 545 | AC81: 7.510.750.845-98 | AD81: use | AH81: [wzr2hi, 27.10.2016] Special FCID for RoW-Test requested by Olaf
A82: 79 | B82: =DEC2HEX(A82,4) -> 004F | C82: Nissan Scope 2 MID Navi LAC (AM/FM, ex EUR) | D82: 069C (DL) | E82: imx | F82: RFS_GEN3_2 | G82: rnaivi_nav | H82: No_Chenc | I82: Bosch_Navigation | J82: Nissan | K82: NAV-Mid | L82: Nissan_HMI_Scope_2.0 | M82: PARTITION_SCHEMA32__NavSmallSdb | N82: NO_EMMC | O82: LAC_SDB | P82: =IF(AND(OR(INDIRECT("K" & ROW())="NAV-Premium",INDIRECT("K" & ROW())="DA-Premium"),INDIRECT("M" & ROW())="PARTITION_SCHEMA128__NavPiviJpn", INDIRECT("O" & ROW())="JPN_SDB"),'SDB vs GN'!$B$41, IF(INDIRECT("H" & ROW())="Chenc",'SDB vs GN'!$B$40, VLOOKUP(INDIRECT("O" & ROW()),'SDB vs GN'!$A$16:$B$38,2,FALSE))) -> 735_LA | Q82: V850_Scope_2 | R82: AARS_IVI_S2_AC_FM | S82: Arkamys_Classic | T82: SXM_not_updatable | U82: No_eCore | V82: SAM-ARG_ST2.0_N_MID | W82: Teseo_3_updatable | X82: FPGA_and_CPLD_not_updatable | Y82: NO_CPLD_PEXT | Z82: NO_ETH_SWITCH | AB82: 546 | AC82: 7.510.750.845-99 | AD82: use | AH82: [wzr2hi, 27.10.2016] Special FCID for RoW-Test requested by Olaf
A83: 80 | B83: =DEC2HEX(A83,4) -> 0050 | C83: Nissan Scope 2 MID Navi ASEAN-B (AM/FM) | D83: 069F (DL) | E83: imx | F83: RFS_GEN3_2 | G83: rnaivi_nav | H83: No_Chenc | I83: Bosch_Navigation | J83: Nissan | K83: NAV-Mid | L83: Nissan_HMI_Scope_2.0 | M83: PARTITION_SCHEMA16__Nav | N83: NO_EMMC | O83: PRC_SDB | P83: =IF(AND(OR(INDIRECT("K" & ROW())="NAV-Premium",INDIRECT("K" & ROW())="DA-Premium"),INDIRECT("M" & ROW())="PARTITION_SCHEMA128__NavPiviJpn", INDIRECT("O" & ROW())="JPN_SDB"),'SDB vs GN'!$B$41, IF(INDIRECT("H" & ROW())="Chenc",'SDB vs GN'!$B$40, VLOOKUP(INDIRECT("O" & ROW()),'SDB vs GN'!$A$16:$B$38,2,FALSE))) -> 734_CN_831_AUSKRJPN | Q83: V850_Scope_2 | R83: AARS_IVI_S2_AC_FM | S83: Arkamys_Classic | T83: SXM_not_updatable | U83: No_eCore | V83: APAC_ST2.0_N_MID | W83: Teseo_3_updatable | X83: FPGA_updatable | Y83: NO_CPLD_PEXT | Z83: NO_ETH_SWITCH | AB83: 455 | AC83: 7.510.750.864-01, 7.510.750.864-02[discarded], 7.515.750.864-02[discarded] | AD83: use | AH83: [wzr2hi, 28.10.2016] New FCID requested by Stefan Scherber [wzr2hi, 03.02.2017] According to DBU: 7.510.750.864-02 replaced by FCID 0x006A [wzr2hi, 03.02.2017] According to DBU: 7.515.750.864-02 replaced by FCID 0x006A
A84: 81 | B84: =DEC2HEX(A84,4) -> 0051 | C84: Nissan Scope 2 NAV-Mid JPN(JPN) (DARC) | D84: 06A1 (Quad) | E84: imx | F84: RFS_GEN3_2J | G84: rnaivi_nav_jpn | H84: No_Chenc | I84: Japan_Navigation | J84: Nissan | K84: NAV-Mid | L84: Nissan_HMI_Scope_2.0 | M84: PARTITION_SCHEMA64__NavRenault | N84: NO_EMMC | O84: JPN_SDB | P84: =IF(AND(OR(INDIRECT("K" & ROW())="NAV-Premium",INDIRECT("K" & ROW())="DA-Premium"),INDIRECT("M" & ROW())="PARTITION_SCHEMA128__NavPiviJpn", INDIRECT("O" & ROW())="JPN_SDB"),'SDB vs GN'!$B$41, IF(INDIRECT("H" & ROW())="Chenc",'SDB vs GN'!$B$40, VLOOKUP(INDIRECT("O" & ROW()),'SDB vs GN'!$A$16:$B$38,2,FALSE))) -> 742_JPN_831_AUSKRJPN | Q84: V850_Scope_2 | R84: AARS_IVI_S2_AC_DARC | S84: Arkamys_Classic | T84: SXM_not_updatable | U84: No_eCore | V84: Japan (ST2.0_N_MID) | W84: Teseo_3_updatable | X84: FPGA_updatable | Y84: NO_CPLD_PEXT | Z84: NO_ETH_SWITCH | AB84: 366 | AC84: 7.510.750.863-01, 7.510.750.896-01, 7.515.750.805-01, 7.510.750.863-02, 7.510.750.863-03, 7.510.750.905-01 | AD84: block_le20 | AF84: would repart but blocked for ST2.0 anyway | AH84: [wzr2hi, 28.10.2016] New FCID requested by Stefan Scherber Added 7.515.750.805-01 [wzr2hi, 03.02.2017] DBU:7.515.750.805-01 confirmed to be 06A1 (Quad) [wzr2hi, 21.02.2017] Added 7.510.750.863-02 [wzr2hi, 15.03.2017] Added 7.510.750.863-03 [wzr2hi, 19.05.2017] Added 7.510.750.905-01 for DSB7.Hi
A85: 82 | B85: =DEC2HEX(A85,4) -> 0052 | C85: Nissan Scope 2 MID Navi NAR (HD) | D85: 069F (DL) | E85: imx | F85: RFS_GEN3_2 | G85: rnaivi_nav | H85: No_Chenc | I85: Bosch_Navigation | J85: Nissan | K85: NAV-Mid | L85: Nissan_HMI_Scope_2.0 | M85: PARTITION_SCHEMA32__NavSmallSdb | N85: NO_EMMC | O85: NAM_SDB | P85: =IF(AND(OR(INDIRECT("K" & ROW())="NAV-Premium",INDIRECT("K" & ROW())="DA-Premium"),INDIRECT("M" & ROW())="PARTITION_SCHEMA128__NavPiviJpn", INDIRECT("O" & ROW())="JPN_SDB"),'SDB vs GN'!$B$41, IF(INDIRECT("H" & ROW())="Chenc",'SDB vs GN'!$B$40, VLOOKUP(INDIRECT("O" & ROW()),'SDB vs GN'!$A$16:$B$38,2,FALSE))) -> 727_NAM | Q85: V850_Scope_2 | R85: AARS_IVI_S2_AC_HD | S85: Arkamys_Classic | T85: SXM_updatable | U85: No_eCore | V85: NAM_ST2.0_N_MID | W85: Teseo_3_updatable | X85: FPGA_and_CPLD_not_updatable | Y85: NO_CPLD_PEXT | Z85: NO_ETH_SWITCH | AB85: ??? | AC85: 7.510.750.888-01, 7.510.750.848-01[discarded], 7.510.750.848-02[discarded], 7.515.750.800-01[discarded], 7.510.750.901-01 | AD85: use | AH85: [wzr2hi, 28.10.2016] New FCID requested by Stefan Scherber NAM/MEX Map kept according to variability definition Added: 7.515.750.800-01 [wzr2hi, 31.01.2017] 7.510.750.848-01 replaced by FCID 0x0067 below. [wzr2hi, 31.01.2017] 7.510.750.848-02 replaced by FCID 0x0067 below. [wzr2hi, 31.01.2017] 7.515.750.800-01 replaced by FCID 0x0067 below. [wzr2hi, 28.04.2017] Added 7.510.750.901-01 ("HW-UBoot")
A86: 83 | B86: =DEC2HEX(A86,4) -> 0053 | C86: Nissan Scope 2 MID Navi PRC (AM/FM, ex EUR) | D86: 069C (DL) | E86: imx | F86: RFS_GEN3_2 | G86: rnaivi_nav | H86: Chenc | I86: Bosch_Navigation | J86: Nissan | K86: NAV-Mid | L86: Nissan_HMI_Scope_2.0 | M86: PARTITION_SCHEMA32__NavSmallSdb | N86: NO_EMMC | O86: PRC_SDB | P86: =IF(AND(OR(INDIRECT("K" & ROW())="NAV-Premium",INDIRECT("K" & ROW())="DA-Premium"),INDIRECT("M" & ROW())="PARTITION_SCHEMA128__NavPiviJpn", INDIRECT("O" & ROW())="JPN_SDB"),'SDB vs GN'!$B$41, IF(INDIRECT("H" & ROW())="Chenc",'SDB vs GN'!$B$40, VLOOKUP(INDIRECT("O" & ROW()),'SDB vs GN'!$A$16:$B$38,2,FALSE))) -> 734_CN_831_AUSKRJPN_CHENC | Q86: V850_Scope_2 | R86: AARS_IVI_S2_AC_FM | S86: Arkamys_Classic | T86: SXM_not_updatable | U86: No_eCore | V86: PRC_ST2.0_N_MID | W86: Teseo_3_updatable | X86: FPGA_and_CPLD_not_updatable | Y86: NO_CPLD_PEXT | Z86: NO_ETH_SWITCH | AB86: ??? | AC86: 7.510.750.845-96 | AD86: use | AH86: [wzr2h, 27.10.2016] Special FCID for RoW-Test requested by Olaf [wzr2hi, 26.04.2017] Changed GN_734 to 734_CN_831_AUSKRJPN according to Stefan Weber.
A87: 84 | B87: =DEC2HEX(A87,4) -> 0054 | C87: Nissan Scope 2 MID Navi NAM(US) (HD) | D87: 06A1 (Quad) | E87: imx | F87: RFS_GEN3_2 | G87: rnaivi_nav | H87: No_Chenc | I87: Bosch_Navigation | J87: Nissan | K87: NAV-Mid | L87: Nissan_HMI_Scope_2.0 | M87: PARTITION_SCHEMA32__NavSmallSdb | N87: NO_EMMC | O87: NAM_SDB | P87: =IF(AND(OR(INDIRECT("K" & ROW())="NAV-Premium",INDIRECT("K" & ROW())="DA-Premium"),INDIRECT("M" & ROW())="PARTITION_SCHEMA128__NavPiviJpn", INDIRECT("O" & ROW())="JPN_SDB"),'SDB vs GN'!$B$41, IF(INDIRECT("H" & ROW())="Chenc",'SDB vs GN'!$B$40, VLOOKUP(INDIRECT("O" & ROW()),'SDB vs GN'!$A$16:$B$38,2,FALSE))) -> 727_NAM | Q87: V850_Scope_2 | R87: AARS_IVI_S2_AC_HD | S87: Arkamys_Classic | T87: SXM_updatable | U87: No_eCore | V87: NAM_ST2.0_N_MID | W87: Teseo_3_updatable | X87: FPGA_and_CPLD_not_updatable | Y87: NO_CPLD_PEXT | Z87: NO_ETH_SWITCH | AB87: 517 518 | AC87: 7.515.750.850-02, 7.515.750.850-03, 7.515.750.850, 7.515.750.802-01, 7.515.750.811, 7.515.750.838, 7.515.750.848, 7.515.750.849, 7.515.750.860, 7.515.750.861, 7.515.751.117, 7.515.751.565, 7.515.751.704, 7.515.752.283, 7.515.752.724 | AD87: use | AH87: [wzr2hi, 28.04.2017] Added 7.515.750.811 [wzr2hi, 18.08.2017] Added 7.515.750.838 for MP.PgP1 [wzr2hi, 26.01.2018] Added 7.515.750.848 for MP.Pgp1 (QLU1 UPD) [wzr2hi, 29.01.2018] Added 7.515.750.849 for MP.PgP1 (QLU2) [wzr2hi, 05.02.2018] Added 7.515.750.860 for MP.PgP1 (QLU1.1) [wzr2hi, 31.07.2018] Added 7.515.750.861 for MP.PgP1 (QLU3) [wzr2hi, 09.01.2019] Added 7.515.751.117 for MP.PgP1 (FMVSS) (P32R) [wzr2hi, 25.04.2019] Added 7.515.751.565 for SOP.PgP1 (QLU4) (P32R) [wzr2hi, 30.08.2019] Added 7.515.751.704 for QLU4.2.PgP1 (P32R) [wzr2hi, 14.06.2021] Added 7.515.752.283 for MY22.SOP.PgP1 (P32R) [wzr2hi, 27.09.2022] Added 7.515.752.724 for MY23.QLU.PgP1 (P32S)
A88: 85 | B88: =DEC2HEX(A88,4) -> 0055 | C88: Nissan Scope 2 DA-MID NAR (AM/FM) | D88: 069E (Single) | E88: imx | F88: RFS_GEN3_3 | G88: rnaivi_da | H88: No_Chenc | I88: No_Navigation | J88: Nissan | K88: DA-Mid | L88: Nissan_HMI_Scope_2.0 | M88: PARTITION_SCHEMA8__DASdb | N88: NO_EMMC | O88: NAM_SDB | P88: =IF(AND(OR(INDIRECT("K" & ROW())="NAV-Premium",INDIRECT("K" & ROW())="DA-Premium"),INDIRECT("M" & ROW())="PARTITION_SCHEMA128__NavPiviJpn", INDIRECT("O" & ROW())="JPN_SDB"),'SDB vs GN'!$B$41, IF(INDIRECT("H" & ROW())="Chenc",'SDB vs GN'!$B$40, VLOOKUP(INDIRECT("O" & ROW()),'SDB vs GN'!$A$16:$B$38,2,FALSE))) -> 727_NAM | Q88: V850_Scope_2 | R88: AARS_IVI_S2_AC_FM | S88: Arkamys_Classic | T88: SXM_updatable | U88: No_eCore | V88: No_Map | W88: GNSS_not_updatable | X88: FPGA_and_CPLD_not_updatable | Y88: NO_CPLD_PEXT | Z88: NO_ETH_SWITCH | AB88: 520 522 595 | AC88: 7.505.750.807-02, 7.505.750.807-03[discarded], 7.500.750.889-01[discarded], 7.505.750.803-01[discarded] | AD88: use | AH88: Variant table defines "NAM/LAC/GCC" for SDB. This was ignored. Why do have DAs an SDB-region at all? Decision by SM/PD/PM 13.01.17 DA Variants do not have SDB, nor Gracenote data. [wzr2hi, 31.01.2017] 7.505.750.807-03 replaced by FCID 0x0068 below. [wzr2hi, 31.01.2017] 7.500.750.889-01 replaced by FCID 0x0069 below. [wzr2hi, 31.01.2017] 7.505.750.803-01 replaced by FCID 0x0069 below. [wzr2hi, 31.01.2017] 7.505.750.807-02 changed from DA-Entry to DA-Mid according to VMatrix V175.
A89: 86 | B89: =DEC2HEX(A89,4) -> 0056 | C89: Nissan Scope 2 MID Navi NAM(CAN) (HD) | D89: 06A1 (Quad) | E89: imx | F89: RFS_GEN3_2 | G89: rnaivi_nav | H89: No_Chenc | I89: Bosch_Navigation | J89: Nissan | K89: NAV-Mid | L89: Nissan_HMI_Scope_2.0 | M89: PARTITION_SCHEMA32__NavSmallSdb | N89: NO_EMMC | O89: NAM_SDB | P89: =IF(AND(OR(INDIRECT("K" & ROW())="NAV-Premium",INDIRECT("K" & ROW())="DA-Premium"),INDIRECT("M" & ROW())="PARTITION_SCHEMA128__NavPiviJpn", INDIRECT("O" & ROW())="JPN_SDB"),'SDB vs GN'!$B$41, IF(INDIRECT("H" & ROW())="Chenc",'SDB vs GN'!$B$40, VLOOKUP(INDIRECT("O" & ROW()),'SDB vs GN'!$A$16:$B$38,2,FALSE))) -> 727_NAM | Q89: V850_Scope_2 | R89: AARS_IVI_S2_AC_HD | S89: Arkamys_Classic | T89: SXM_updatable | U89: No_eCore | V89: NAM_ST2.0_N_MID | W89: Teseo_3_updatable | X89: FPGA_and_CPLD_not_updatable | Y89: NO_CPLD_PEXT | Z89: NO_ETH_SWITCH | AB89: 527 | AC89: 7.515.750.889-02 | AD89: use
A90: 87 | B90: =DEC2HEX(A90,4) -> 0057 | C90: Nissan Scope 2 DA-Mid US/CAN(AM/FM) | D90: 069E (Single) | E90: imx | F90: RFS_GEN3_3 | G90: rnaivi_da | H90: No_Chenc | I90: No_Navigation | J90: Nissan | K90: DA-Mid | L90: Nissan_HMI_Scope_2.0 | M90: PARTITION_SCHEMA8__DASdb | N90: NO_EMMC | O90: NAM_SDB | P90: =IF(AND(OR(INDIRECT("K" & ROW())="NAV-Premium",INDIRECT("K" & ROW())="DA-Premium"),INDIRECT("M" & ROW())="PARTITION_SCHEMA128__NavPiviJpn", INDIRECT("O" & ROW())="JPN_SDB"),'SDB vs GN'!$B$41, IF(INDIRECT("H" & ROW())="Chenc",'SDB vs GN'!$B$40, VLOOKUP(INDIRECT("O" & ROW()),'SDB vs GN'!$A$16:$B$38,2,FALSE))) -> 727_NAM | Q90: V850_Scope_2 | R90: AARS_IVI_S2_AC_FM | S90: Arkamys_Classic | T90: SXM_updatable | U90: No_eCore | V90: No_Map | W90: GNSS_not_updatable | X90: FPGA_and_CPLD_not_updatable | Y90: NO_CPLD_PEXT | Z90: NO_ETH_SWITCH | AB90: 521 523 427 | AC90: 7.505.750.895-01, 7.505.750.895-02[discarded], 7.500.750.806-01[discarded], 7.505.750.806-01[discarded] | AD90: use | AH90: Variant table defines "NAM/LAC/GCC" for SDB. This was ignored. Why do have DAs an SDB-region at all? Decision by SM/PD/PM 13.01.17 DA Variants do not have SDB, nor Gracenote data. [wzr2hi, 31.01.2017] 7.505.750.895-02 replaced by FCID 0x0068 below. [wzr2hi, 31.01.2017] 7.500.750.806-01 replaced by FCID 0x0068 below. [wzr2hi, 31.01.2017] 7.505.750.806-01 replaced by FCID 0x0068 below.
A91: 88 | B91: =DEC2HEX(A91,4) -> 0058 | C91: Nissan Scope 2 MID Navi EUR (DAB) | D91: 069F (DL) | E91: imx | F91: RFS_GEN3_2 | G91: rnaivi_nav | H91: No_Chenc | I91: Bosch_Navigation | J91: Nissan | K91: NAV-Mid | L91: Nissan_HMI_Scope_2.0 | M91: PARTITION_SCHEMA32__NavLargeSdb | N91: NO_EMMC | O91: EUR_SDB | P91: =IF(AND(OR(INDIRECT("K" & ROW())="NAV-Premium",INDIRECT("K" & ROW())="DA-Premium"),INDIRECT("M" & ROW())="PARTITION_SCHEMA128__NavPiviJpn", INDIRECT("O" & ROW())="JPN_SDB"),'SDB vs GN'!$B$41, IF(INDIRECT("H" & ROW())="Chenc",'SDB vs GN'!$B$40, VLOOKUP(INDIRECT("O" & ROW()),'SDB vs GN'!$A$16:$B$38,2,FALSE))) -> 731_EUR | Q91: V850_Scope_2 | R91: AARS_IVI_S2_AC_DAB | S91: Arkamys_Classic | T91: SXM_not_updatable | U91: No_eCore | V91: EUR_ST2.0_N_MID | W91: Teseo_3_updatable | X91: FPGA_and_CPLD_not_updatable | Y91: NO_CPLD_PEXT | Z91: NO_ETH_SWITCH | AB91: 550 | AC91: 7.510.750.845-02[discarded] | AD91: ignore | AH91: [wzr2hi, 31.01.2017] This configuration (Board-ID+Processor) was never manufactured. So this line is obsolete and replaced by line below.
A92: 88 | B92: =DEC2HEX(A92,4) -> 0058 | C92: Nissan Scope 2 MID Navi EUR (DAB) | D92: 06A1 (Quad) | E92: imx | F92: RFS_GEN3_2 | G92: rnaivi_nav | H92: No_Chenc | I92: Bosch_Navigation | J92: Nissan | K92: NAV-Mid | L92: Nissan_HMI_Scope_2.0 | M92: PARTITION_SCHEMA32__NavLargeSdb | N92: NO_EMMC | O92: EUR_SDB | P92: =IF(AND(OR(INDIRECT("K" & ROW())="NAV-Premium",INDIRECT("K" & ROW())="DA-Premium"),INDIRECT("M" & ROW())="PARTITION_SCHEMA128__NavPiviJpn", INDIRECT("O" & ROW())="JPN_SDB"),'SDB vs GN'!$B$41, IF(INDIRECT("H" & ROW())="Chenc",'SDB vs GN'!$B$40, VLOOKUP(INDIRECT("O" & ROW()),'SDB vs GN'!$A$16:$B$38,2,FALSE))) -> 731_EUR | Q92: V850_Scope_2 | R92: AARS_IVI_S2_AC_DAB | S92: Arkamys_Classic | T92: SXM_not_updatable | U92: No_eCore | V92: EUR_ST2.0_N_MID | W92: Teseo_3_updatable | X92: FPGA_and_CPLD_not_updatable | Y92: NO_CPLD_PEXT | Z92: NO_ETH_SWITCH | AB92: ??? | AC92: 7.510.750.845-02 | AD92: use | AH92: [wzr2hi, 08.03.2017] Changed Board-ID to 06A1 according to VM v187
A93: 89 | B93: =DEC2HEX(A93,4) -> 0059 | C93: Nissan Scope 2 Entry Navi EUR(GBR) (DAB) | D93: 069F (DL) | E93: imx | F93: RFS_GEN3_2 | G93: rnaivi_nav | H93: No_Chenc | I93: Bosch_Navigation | J93: Nissan | K93: NAV-Entry | L93: Nissan_HMI_Scope_2.0 | M93: PARTITION_SCHEMA32__NavLargeSdb | N93: NO_EMMC | O93: EUR_SDB | P93: =IF(AND(OR(INDIRECT("K" & ROW())="NAV-Premium",INDIRECT("K" & ROW())="DA-Premium"),INDIRECT("M" & ROW())="PARTITION_SCHEMA128__NavPiviJpn", INDIRECT("O" & ROW())="JPN_SDB"),'SDB vs GN'!$B$41, IF(INDIRECT("H" & ROW())="Chenc",'SDB vs GN'!$B$40, VLOOKUP(INDIRECT("O" & ROW()),'SDB vs GN'!$A$16:$B$38,2,FALSE))) -> 731_EUR | Q93: V850_Scope_2 | R93: AARS_IVI_S2_AC_DAB | S93: Arkamys_Classic | T93: SXM_not_updatable | U93: No_eCore | V93: EUR_ST2.0_N_ENTRY | W93: Teseo_3_updatable | X93: FPGA_and_CPLD_not_updatable | Y93: NO_CPLD_PEXT | Z93: NO_ETH_SWITCH | AB93: 547 431 ??? ??? ??? | AC93: 7.510.750.860-02, 7.510.750.846-01, 7.513.750.803-01, 7.510.750.846-02, 7.510.750.846-03, 7.513.750.848-01, 7.513.750.848-02, 7.513.750.861-01, 7.513.750.861-02, 7.513.750.803-03, 7.513.750.848-03 | AD93: use | AH93: [wzr2hi, 21.02.2017] Added 7.513.750.803-01 for TSB4.BrgP [wzr2hi, 15.03.2017] Added 7.513.750.846-02 for DSB4.Hi [wzr2hi, 15.03.2017] Added 7.513.750.846-03 for DSB4.Hi [wzr2hi, 07.06.2017] Added 7.513.750.848-01 for TSB4.BrgP [wzr2hi, 07.06.2017] Added 7.513.750.848-02 for TSB4.BrgP [wzr2hi, 07.06.2017] Added 7.513.750.861-01 for TSB4.BrgP [wzr2hi, 15.09.2017] Added 7.513.750.861-02 for TSB6.BrgP [wzr2hi, 15.09.2017] Added 7.513.750.803-03 for TSB6.BrgP [wzr2hi, 15.09.2017] Added 7.513.750.848-03 for TSB6.BrgP
A94: 90 | B94: =DEC2HEX(A94,4) -> 005A | C94: Nissan Scope 2 Entry DA WW (AM/FM) | D94: 069E (Single) | E94: imx | F94: RFS_GEN3_3 | G94: rnaivi_da | H94: No_Chenc | I94: No_Navigation | J94: Nissan | K94: DA-Entry | L94: Nissan_HMI_Scope_2.0 | M94: PARTITION_SCHEMA8__DASdb | N94: NO_EMMC | O94: No_SDB | P94: =IF(AND(OR(INDIRECT("K" & ROW())="NAV-Premium",INDIRECT("K" & ROW())="DA-Premium"),INDIRECT("M" & ROW())="PARTITION_SCHEMA128__NavPiviJpn", INDIRECT("O" & ROW())="JPN_SDB"),'SDB vs GN'!$B$41, IF(INDIRECT("H" & ROW())="Chenc",'SDB vs GN'!$B$40, VLOOKUP(INDIRECT("O" & ROW()),'SDB vs GN'!$A$16:$B$38,2,FALSE))) -> No_Gracenote | Q94: V850_Scope_2 | R94: AARS_IVI_S2_AC_FM | S94: Arkamys_Classic | T94: SXM_not_updatable | U94: No_eCore | V94: No_Map | W94: GNSS_not_updatable | X94: FPGA_and_CPLD_not_updatable | Y94: NO_CPLD_PEXT | Z94: NO_ETH_SWITCH | AB94: 433 344 | AC94: 7.500.750.808-01[discarded], 7.500.750.805-01[discarded], 7.505.750.805-01[discarded], 7.505.750.808-01[discarded] | AD94: ignore | AH94: [wzr2hi, 31.01.2017] This configuration (Board-ID+Processor) was never manufactured. So this line is obsolete and replaced by line below.
A95: 90 | B95: =DEC2HEX(A95,4) -> 005A | C95: Nissan Scope 2 Entry DA WW(LAC/GCC/MEX/AFR/ZAF/TUR/MEA/EGY/ASEAN-A&B/CHN/TWN/KOR) (AM/FM) | D95: 06A2 (DL) | E95: imx | F95: RFS_GEN3_3 | G95: rnaivi_da | H95: No_Chenc | I95: No_Navigation | J95: Nissan | K95: DA-Entry | L95: Nissan_HMI_Scope_2.0 | M95: PARTITION_SCHEMA8__DASdb | N95: NO_EMMC | O95: No_SDB | P95: =IF(AND(OR(INDIRECT("K" & ROW())="NAV-Premium",INDIRECT("K" & ROW())="DA-Premium"),INDIRECT("M" & ROW())="PARTITION_SCHEMA128__NavPiviJpn", INDIRECT("O" & ROW())="JPN_SDB"),'SDB vs GN'!$B$41, IF(INDIRECT("H" & ROW())="Chenc",'SDB vs GN'!$B$40, VLOOKUP(INDIRECT("O" & ROW()),'SDB vs GN'!$A$16:$B$38,2,FALSE))) -> No_Gracenote | Q95: V850_Scope_2 | R95: AARS_IVI_S2_AC_FM | S95: Arkamys_Classic | T95: SXM_not_updatable | U95: No_eCore | V95: No_Map | W95: GNSS_not_updatable | X95: FPGA_and_CPLD_not_updatable | Y95: NO_CPLD_PEXT | Z95: NO_ETH_SWITCH | AB95: ??? | AC95: 7.500.750.808-01, 7.500.750.805-01, 7.505.750.805-01, 7.505.750.808-01, 7.500.750.825-01, 7.505.750.808-02, 7.505.750.808-03, 7.503.750.820-01, 7.503.750.828-01, 7.503.750.820-02, 7.503.750.829-01, 7.503.750.830-01, 7.503.750.831-01, 7.503.750.832-01, 7.503.750.820-03, 7.503.750.831-02, 7.503.750.830-02, 7.503.750.828-02, 7.503.750.843, 7.503.750.844, 7.503.750.845, 7.503.750.846, 7.505.751.165-01, 7.503.750.893, 7.503.750.894, 7.503.750.895, 7.503.750.896, 7.505.751.165, 7.503.751.250, 7.503.751.251, 7.505.751.400, 7.505.751.795, 7.505.751.801, 7.505.751.901 | AD95: use | AH95: [wzr2hi, xx.xx.2017] Added 7.505.750.808-01 for TSB4.PgP1 [wzr2hi, 31.01.2017] Added 7.500.750.825-01 [wzr2hi, 23.05.2017] Added 7.505.750.808-02 for TSB4.PgP1 [wzr2hi, 23.05.2017] Added 7.505.750.808-03 for TSB4.PgP1 [wzr2hi, 07.06.2017] Added 7.503.750.820-01 for TSB4.BrgP [wzr2hi, 15.09.2017] Added 7.503.750.828-01 for TSB6.BrgP [wzr2hi, 15.09.2017] Added 7.503.750.820-02 for TSB6.BrgP [wzr2hi, 15.09.2017] Added 7.503.750.829-01 for TSB6.BrgP [wzr2hi, 15.09.2017] Added 7.503.750.830-01 for TSB6.BrgP [wzr2hi, 15.09.2017] Added 7.503.750.831-01 for TSB6.BrgP [wzr2hi, 15.09.2017] Added 7.503.750.832-01 for TSB6.BrgP [wzr2hi, 03.11.2017] Added 7.503.750.820-03 for TSB7.BrgP [wzr2hi, 03.11.2017] Added 7.503.750.831-02 for TSB7.BrgP [wzr2hi, 13.11.2017] Added 7.503.750.830-02 for TSB9.1.BrgP [wzr2hi, 13.11.2017] Added 7.503.750.828-02 for TSB9.1.BrgP [wzr2hi, 21.02.2018] Added 7.503.750.843 for PreProd4.BrgP [wzr2hi, 21.02.2018] Added 7.503.750.844 for PreProd4.BrgP [wzr2hi, 21.02.2018] Added 7.503.750.845 for PreProd4.BrgP [wzr2hi, 21.02.2018] Added 7.503.750.846 for PreProd4.BrgP [wzr2hi, 20.09.2018] Added 7.505.751.165-01 for TSB16.1.PgP1 (L02D) [wzr2hi, 20.09.2018] Added 7.503.750.893 for MP.BrgP (B02E LG UPT) [wzr2hi, 20.09.2018] Added 7.503.750.894 for MP.BrgP (B02E LG UPT) [wzr2hi, 20.09.2018] Added 7.503.750.895 for MP.BrgP (B02E LG UPT) [wzr2hi, 20.09.2018] Added 7.503.750.896 for MP.BrgP (B02E LG UPT) [wzr2hi, 24.01.2019] Added 7.505.751.165 for PreProd20a.PgP1 (L02D) [wzr2hi, 25.03.2019] Added 7.503.751.250 for MP.BrgP (FMVSS) (B02E QLU) [wzr2hi, 25.03.2019] Added 7.503.751.251 for MP.BrgP (FMVSS) (B02E QLU) [wzr2hi, 25.09.2019] Added 7.505.751.400 for MP-UPD.PgP1 (L02D) [wzr2hi, 14.06.2021] Added 7.505.751.795 for MY22.SOP.PgP1 (L02D) [wzr2hi, 06.08.2021] Added 7.505.751.801 for MY22.SOP.PgP1 (L02D) [wzr2hi, 26.04.2022] Added 7.505.751.901 for SOP.PgP1 (L02D)
A96: 91 | B96: =DEC2HEX(A96,4) -> 005B | C96: Nissan Scope 2 Entry Navi NAM(MEX) (HD) | D96: 069F (DL) | E96: imx | F96: RFS_GEN3_2 | G96: rnaivi_nav | H96: No_Chenc | I96: Bosch_Navigation | J96: Nissan | K96: NAV-Entry | L96: Nissan_HMI_Scope_2.0 | M96: PARTITION_SCHEMA32__NavSmallSdb | N96: NO_EMMC | O96: NAM_SDB | P96: =IF(AND(OR(INDIRECT("K" & ROW())="NAV-Premium",INDIRECT("K" & ROW())="DA-Premium"),INDIRECT("M" & ROW())="PARTITION_SCHEMA128__NavPiviJpn", INDIRECT("O" & ROW())="JPN_SDB"),'SDB vs GN'!$B$41, IF(INDIRECT("H" & ROW())="Chenc",'SDB vs GN'!$B$40, VLOOKUP(INDIRECT("O" & ROW()),'SDB vs GN'!$A$16:$B$38,2,FALSE))) -> 727_NAM | Q96: V850_Scope_2 | R96: AARS_IVI_S2_AC_HD | S96: Arkamys_Classic | T96: SXM_not_updatable | U96: No_eCore | V96: NAMEX_ST2.0_N_ENTRY | W96: Teseo_3_updatable | X96: FPGA_and_CPLD_not_updatable | Y96: NO_CPLD_PEXT | Z96: NO_ETH_SWITCH | AB96: 435 | AC96: 7.510.750.865-01, 7.515.750.807-01, 7.515.750.807-02 | AD96: use | AH96: [wzr2hi, xx.xx.2017] Added 7.515.750.807-01 for TSB4.PgP1 [wzr2hi, 23.05.2017] Added 7.515.750.807-02 for TSB4.PgP1.
A97: 92 | B97: =DEC2HEX(A97,4) -> 005C | C97: Nissan Scope 2 Entry Navi EU/ZAF (AM/FM) | D97: 069F (DL) | E97: imx | F97: RFS_GEN3_2 | G97: rnaivi_nav | H97: No_Chenc | I97: Bosch_Navigation | J97: Nissan | K97: NAV-Entry | L97: Nissan_HMI_Scope_2.0 | M97: PARTITION_SCHEMA16__Nav | N97: NO_EMMC | O97: AFR_SDB | P97: =IF(AND(OR(INDIRECT("K" & ROW())="NAV-Premium",INDIRECT("K" & ROW())="DA-Premium"),INDIRECT("M" & ROW())="PARTITION_SCHEMA128__NavPiviJpn", INDIRECT("O" & ROW())="JPN_SDB"),'SDB vs GN'!$B$41, IF(INDIRECT("H" & ROW())="Chenc",'SDB vs GN'!$B$40, VLOOKUP(INDIRECT("O" & ROW()),'SDB vs GN'!$A$16:$B$38,2,FALSE))) -> 831_AUSKRJPN | Q97: V850_Scope_2 | R97: AARS_IVI_S2_AC_FM | S97: Arkamys_Classic | T97: SXM_not_updatable | U97: No_eCore | V97: AFR_ST2.0_N_ENTRY | W97: Teseo_3_updatable | X97: FPGA_and_CPLD_not_updatable | Y97: NO_CPLD_PEXT | Z97: NO_ETH_SWITCH | AB97: ??? | AC97: 7.510.750.903-01, 7.513.750.847-01, 7.513.750.847-02, 7.513.750.897-01 | AD97: use | AH97: [wzr2hi, 07.06.2017] Added 7.513.750.847-01 for TSB4.Brg1 [wzr2hi, 15.09.2017] Added 7.513.750.847-02 for TSB6.BrgP [wzr2hi, 15.09.2017] Added 7.513.750.897-01 for TSB6.BrgP
A98: 93 | B98: =DEC2HEX(A98,4) -> 005D | C98: Nissan Scope 2 Entry DA EUR(GBR) (DAB) | D98: 069E (Single) | E98: imx | F98: RFS_GEN3_3 | G98: rnaivi_da | H98: No_Chenc | I98: No_Navigation | J98: Nissan | K98: DA-Entry | L98: Nissan_HMI_Scope_2.0 | M98: PARTITION_SCHEMA8__DASdb | N98: NO_EMMC | O98: No_SDB | P98: =IF(AND(OR(INDIRECT("K" & ROW())="NAV-Premium",INDIRECT("K" & ROW())="DA-Premium"),INDIRECT("M" & ROW())="PARTITION_SCHEMA128__NavPiviJpn", INDIRECT("O" & ROW())="JPN_SDB"),'SDB vs GN'!$B$41, IF(INDIRECT("H" & ROW())="Chenc",'SDB vs GN'!$B$40, VLOOKUP(INDIRECT("O" & ROW()),'SDB vs GN'!$A$16:$B$38,2,FALSE))) -> No_Gracenote | Q98: V850_Scope_2 | R98: AARS_IVI_S2_AC_DAB | S98: Arkamys_Classic | T98: SXM_not_updatable | U98: No_eCore | V98: No_Map | W98: GNSS_not_updatable | X98: FPGA_and_CPLD_not_updatable | Y98: NO_CPLD_PEXT | Z98: NO_ETH_SWITCH | AB98: 614 | AC98: 7.500.750.821-01[discarded] | AD98: ignore | AH98: [wzr2hi, 31.01.2017] This configuration (Board-ID+Processor) was never manufactured. So this line is obsolete and replaced by line below.
A99: 93 | B99: =DEC2HEX(A99,4) -> 005D | C99: Nissan Scope 2 Entry DA EUR(GBR) (DAB) | D99: 06A2 (DL) | E99: imx | F99: RFS_GEN3_3 | G99: rnaivi_da | H99: No_Chenc | I99: No_Navigation | J99: Nissan | K99: DA-Entry | L99: Nissan_HMI_Scope_2.0 | M99: PARTITION_SCHEMA8__DASdb | N99: NO_EMMC | O99: No_SDB | P99: =IF(AND(OR(INDIRECT("K" & ROW())="NAV-Premium",INDIRECT("K" & ROW())="DA-Premium"),INDIRECT("M" & ROW())="PARTITION_SCHEMA128__NavPiviJpn", INDIRECT("O" & ROW())="JPN_SDB"),'SDB vs GN'!$B$41, IF(INDIRECT("H" & ROW())="Chenc",'SDB vs GN'!$B$40, VLOOKUP(INDIRECT("O" & ROW()),'SDB vs GN'!$A$16:$B$38,2,FALSE))) -> No_Gracenote | Q99: V850_Scope_2 | R99: AARS_IVI_S2_AC_DAB | S99: Arkamys_Classic | T99: SXM_not_updatable | U99: No_eCore | V99: No_Map | W99: GNSS_not_updatable | X99: FPGA_and_CPLD_not_updatable | Y99: NO_CPLD_PEXT | Z99: NO_ETH_SWITCH | AB99: ??? ??? | AC99: 7.500.750.821-01, 7.503.750.813-01, 7.503.750.813-02, 7.503.750.813-03, 7.503.750.813-05, 7.503.750.837-02, 7.503.750.813-04, 7.503.750.837-01, 7.503.750.841, 7.503.750.842, 7.503.750.891, 7.503.750.892, 7.503.751.215, 7.503.751.216, 7.505.751.401, 7.505.751.618, 7.505.751.802, 7.505.751.902 | AD99: use | AH99: [wzr2hi, 21.02.2017] Added 7.503.750.813-01 for TSB4.BrgP [wzr2hi, 07.06.2017] Added 7.503.750.813-02 for TSB4.BrgP [wzr2hi, 15.09.2017] Added 7.503.750.813-03 for TSB6.BrgP [wzr2hi, 01.11.2017] Added 7.503.750.813-05 for TSB6.BrgP [wzr2hi, 01.11.2017] Added 7.503.750.837-02 for TSB6.BrgP [wzr2hi, 03.11.2017] Added 7.503.750.813-04 for TSB7.BrgP [wzr2hi, 03.11.2017] Added 7.503.750.837-01 for TSB7.BrgP [wzr2hi, 21.02.2018] Added 7.503.750.841 for PreProd4.BrgP [wzr2hi, 20.02.2018] Added 7.503.750.842 for PreProd4.BrgP [wzr2hi, 20.09.2018] Added 7.503.750.891 for MP.BrgP (B02E LG UPT) [wzr2hi, 20.09.2018] Added 7.503.750.892 for MP.BrgP (B02E LG UPT) [wzr2hi, 25.03.2019] Added 7.503.751.215 for MP.BrgP (FMVSS) (B02E QLU) [wzr2hi, 25.03.2019] Added 7.503.751.216 for MP.BrgP (FMVSS) (B02E QLU) [wzr2hi, 25.09.2019] Added 7.505.751.401 for PreProd25.PgP1 (L02D) [wzr2hi, 09.11.2020] Added 7.505.751.618 for SOP.PgP1 (L02D) [wzr2hi, 06.08.2021] Added 7.505.751.802 for MY22.SOP.PgP1 (L02D) [wzr2hi, 26.04.2022] Added 7.505.751.902 for SOP.PgP1 (L02D)
A100: 94 | B100: =DEC2HEX(A100,4) -> 005E | C100: Nissan Scope 2 MID Navi EUR (DAB) | D100: 06A1 (Quad) | E100: imx | F100: RFS_GEN3_2 | G100: rnaivi_nav | H100: No_Chenc | I100: Bosch_Navigation | J100: Nissan | K100: NAV-Mid | L100: Nissan_HMI_Scope_2.0 | M100: PARTITION_SCHEMA32__NavLargeSdb | N100: NO_EMMC | O100: EUR_SDB | P100: =IF(AND(OR(INDIRECT("K" & ROW())="NAV-Premium",INDIRECT("K" & ROW())="DA-Premium"),INDIRECT("M" & ROW())="PARTITION_SCHEMA128__NavPiviJpn", INDIRECT("O" & ROW())="JPN_SDB"),'SDB vs GN'!$B$41, IF(INDIRECT("H" & ROW())="Chenc",'SDB vs GN'!$B$40, VLOOKUP(INDIRECT("O" & ROW()),'SDB vs GN'!$A$16:$B$38,2,FALSE))) -> 731_EUR | Q100: V850_Scope_2 | R100: AARS_IVI_S2_AC_DAB | S100: Arkamys_Classic | T100: SXM_not_updatable | U100: No_eCore | V100: EUR_ST2.0_N_MID | W100: Teseo_3_updatable | X100: FPGA_and_CPLD_not_updatable | Y100: NO_CPLD_PEXT | Z100: NO_ETH_SWITCH | AB100: 423 | AC100: 7.510.750.849-01[discarded] | AD100: ignore | AH100: [wzr2hi, 31.01.2017] This configuration (Board-ID+Processor) was never manufactured. So this line is obsolete and replaced by line below.
...

Sheet Variability definition
A1: Board-ID | B1: RAM implemented [GB] | C1: Board ID/DTB | D1: RFS | E1: China Encoder | F1: Navigation | G1: Customer (fixed by RFS) | H1: Type (fixed by RFS) | I1: HMI (fixed by RFS) | J1: Partitioning scheme (old, deprecated) | K1: Partitioning scheme (till 23.10.2017, deprecated) | L1: Partitioning scheme (new) | M1: SDB Data | N1: V850 (depends on Board-ID) | O1: ADR_FW_Type | P1: Arkamys (Part of ADR) | Q1: Gracenote | R1: SXM | S1: eCore | T1: Map Data (only for production) | U1: GNSS | V1: FPGA/CPLD | W1: CPLD (CORE) | X1: GenCtrl
A2: 681 | B2: 2 | C2: CS Customer Sample | D2: RFS_GEN3_1 nivic (Scope1_Nissan) | E2: No_Chenc | F2: No_Navigation | G2: Nissan | H2: DA-Entry | I2: Nissan_HMI_Scope_1.0 | J2: 8 GB (EU) PARTITION_SCHEMA8_NissanScope1 | L2: 8GB (Scope1 EU) PARTITION_SCHEMA8_NissanScope1 | M2: No_SDB | N2: V850_Scope_1 | O2: AARS_IVI_S0_NA_DAB | P2: No_Arkamys | Q2: No_Gracenote | R2: SXM_not_updatable | S2: No_eCore | T2: see comment of column | U2: GNSS_not_updatable | V2: FPGA_and_CPLD_not_updatable | W2: NO_CPLD_PEXT | X2: use
A3: 682 | B3: 2 | C3: ES Engineering Sample | D3: RFS_GEN3_2 rnaivi_nav (A-IVI_Scope2.*_Nissan_Nav_MID/Entry) (ROW-Navi and JPN-Navi installed in parallel) (no China-Encoder installed) | E3: Chenc | F3: Bosch_Navigation | G3: Renault | H3: DA-Mid | I3: Nissan_HMI_Scope_2.0 | J3: 8 GB (Entry All Variants after ST2.0 NAR, EU….) PARTITION_SCHEMA8_DaEntry | K3: 8GB (all Renault Entry-DAs) PARTITION_SCHEMA8__DA | L3: 8GB (all Renault Entry-DAs (Affordable, Access, Core)) PARTITION_SCHEMA8__DARenaultObigo | M3: EUR_SDB (Europe, Turkey, South Africa, Australia, New Zealand) | N3: V850_Scope_2 (former V850_common) | O3: AARS_IVI_S0_NA_HD | P3: Arkamys_Classic | Q3: 731_EUR (EUR, RUS, GCC) | R3: SXM_not_updatable_fw | S3: eCore | U3: Teseo_2_updatable | V3: CPLD_updatable | W3: CPLD_PEXT_CLEO_A | X3: ignore
A4: 0683 (DL) | B4: 2 | C4: WS Working Sample | D4: RFS_GEN3_2C rnaivi_nav_chn (A-IVI_Scope2.*_Nissan_Nav_MID/Entry) (only ROW-Navi installed) (China-Encoder installed) | F4: Japan_Navigation | G4: Daimler | H4: DA-Premium | I4: Nissan_HMI_Scope_2.1 | J4: 8 GB (MID All Variants after ST2.0 NAR, EU….) PARTITION_SCHEMA8_DaMid | L4: 8GB (all Nissan Entry-DAs / all Alliance Mid-DAs) PARTITION_SCHEMA8__DASdb | M4: NAM_SDB (USA, Canada, Mexiko) | N4: V850_PIVI_C1 | O4: AARS_IVI_S1_NA_FM | P4: Arkamys_Auditorium | Q4: 727_NAM (US, CAN, MEX) | R4: SXM_updatable | U4: Teseo_3_updatable | V4: FPGA_updatable | W4: CPLD_PEXT_ADR_A | X4: block
A5: 0684 (Quad) | B5: 2 | D5: RFS_GEN3_2J rnaivi_nav_jpn (A-IVI_Scope2.*_Nissan_Nav_MID low res) (A-IVI_Scope3.*_Nissan_Nav_MID high res) (BOSCH, KOR and JPN-Navi installed) | F5: Korea_Navigation | G5: Mitsubishi | H5: NAV-Entry | I5: Renault_HMI_Scope_2.1 | J5: 16 GB (all Variants NAR, EU, .. Mid, Nissan Scope 0 Entry) PARTITION_SCHEMA16_NavEntryMidAllianceOther | L5: 16GB (all Variants with this eMMC size) PARTITION_SCHEMA16__Nav | M5: RUS_SDB (Russia) | O5: AARS_IVI_S2_AC_FM | Q5: 735_LA (LAC: Brasil, Argentinia, Chile ...) | U5: UBlox_updatable | V5: EXT_FPGA_updatable | W5: CPLD_PEXT_SBR_A | X5: block_le20
A6: 0685 (Single) | B6: 0.5 | D6: RFS_GEN3_3 rnaivi_da (A-IVI_Scope2.*_Nissan_DA_MID/Entry) | H6: NAV-Mid | I6: Nissan_HMI_Scope_3.1 | J6: 16 GB (Renault Variants NAR, EU, .. Entry) PARTITION_SCHEMA16_NavEntryRenaultEuNarChn | L6: 16GB (all Variants with this eMMC size) PARTITION_SCHEMA16__Nav | M6: GCC_SDB (Middle East, Mediterranian, Egypt, India) | O6: AARS_IVI_S2_AC_DAB | Q6: 734_CN (China) | V6: FPGA_and_CPLD_updatable | X6: block_le21
A7: 0686 (Single) | B7: 0.5 | D7: RFS_GEN3_4 rivie_nav (A-IVI_Scope2.1_Renault_Nav_Access/Core) (only ROW-Navi installed) (no managed apps installed) | H7: NAV-Premium | I7: Renault_HMI_Scope_3.0 | J7: 32 GB (NAR/MEX, CN, …. Entry/MID Nissan) PARTITION_SCHEMA32_NavEntryMidNissanNarChn | L7: 32GB (Nissan: all Entry-Nav and all Mid-Nav with 0 Gib < SDB < 1.3GiB Specification) PARTITION_SCHEMA32__NavSmallSdb | M7: PRC_SDB (China, Macao, Hong Kong) | O7: AARS_IVI_S2_AC_HD (NA+MEX) | Q7: 734_CN_831_AUSKRJPN (EUR/ASR/NZE/GOM for non-China)
A8: 0687 (Single) | B8: 0.5 | D8: RFS_GEN3_4C rivie_nav_chn (A-IVI_Scope2.1_Renault_Nav_MID/Entry) (only ROW-Navi installed) (China-Encoder installed) (no managed apps installed) | H8: DA-Access | I8: Daimler_HMI_Scope_3.0 | J8: 32 GB (EU, RUS, Others…. Entry/MID Nissan) PARTITION_SCHEMA32_NavEntryMidNissanEu | L8: 32GB (Nissan: all Entry-Nav and all Mid-Nav with 1.3GiB < SDB < 2.8GiB Specification) PARTITION_SCHEMA32__NavLargeSdb | M8: JPN_SDB (Japan) | O8: AARS_IVI_S2_AC_DARC (JPN) | Q8: 734_CN_831_AUSKRJPN_CHENC (EUR/ASR/NZE/GOM with China Encoder for China Mainland only)
A9: 0688 (Single) | B9: 1 | D9: RFS_GEN3_5 rivie_nav_full (A-IVI_Scope2.1_Renault_Nav_Full) (only ROW-Navi installed) (manged apps installed) | H9: DA-Affordable | I9: Nissan_HMI_P-IVI_2.1 | L9: 32GB (Renault: all Entry-Nav and all Mid-Nav with 0 Gib < SDB < 1.3GiB Specification) PARTITION_SCHEMA32__NavNissanNarObigo | M9: LAC_SDB (Latin America) | O9: AARS_IVI_S2_AC_DRM (IND) | Q9: 831_AUSKRJPN (JPN)
A10: 0689 (DL) | B10: 2 | D10: RFS_GEN3_5C rivie_nav_full_chn (A-IVI_Scope2.1_Renault_Nav_MID/Entry) (only ROW-Navi installed) (China-Encoder installed) (manged apps installed) | H10: DA-Core | I10: Nissan_HMI_P-IVI_3.1 | L10: 32GB (Renault: all Entry-Nav and all Mid-Nav with 1.3GiB < SDB < 2.8GiB Specification) PARTITION_SCHEMA32__NavNissanObigo | M10: GOM_SDB (Taiwan and Global other markets) | O10: AARS_IVI_S2_AC_FMSD
A11: 068A (Single) | B11: 2 | D11: RFS_GEN3_6 rivie_da (A-IVI_Scope2.1_Renault_DA_Access) | H11: Nav-Access | I11: Nissan_TCS_HMI_Scope_3.1 | L11: 32GB (all Renault DA-Full and Nissan DA-Premium with 3GiB RFS, [full Obigo] and SDB < 2.8GiB Specification) PARTITION_SCHEMA32__DA | M11: ASR_SDB (Africa/SAF/AUS/NZ) | O11: AARS_IVI_A2_P1_DAB
A12: 068B (Quad) | B12: 2 | D12: RFS_GEN3_7 rivie_da_core (A-IVI_Scope2.1_Renault_DA_Affordable/Core) | H12: Nav-Core | I12: Renault_HMI_Scope_1.1 | J12: 64 GB (all RenaultVariants, Nissan P-IVI) -> Nissan TBC PARTITION_SCHEMA64__NavRenault | L12: 64GB (all Variants with this eMMC size) PARTITION_SCHEMA64__NavRenault | O12: AARS_IVI_A2_P1_DARC
A13: 068C (Single) | B13: 1 | D13: RFS_GEN3_8 npivi_nav (P-IVI_Nissan_Nav*) (ROW-Navi and JPN-Navi installed in parallel) | H13: Nav-Full | I13: Mitsubishi_TCS_HMI_Scope_3.1 | L13: 128GB (all Variants with this eMMC size) PARTITION_SCHEMA128__NavPiviJpn | O13: AARS_IVI_A2_P1_FM
A14: 068D (Single) | B14: 2 | D14: RFS_GEN3_9 npivi_da (P-IVI_Nissan_DA*) | O14: AARS_IVI_A2_P1_HD
A15: 068E (Quad) | B15: 2 | D15: RFS_GEN3_10 rivie_nav (A-IVI_Scope3.0_Renault_Nav_Access/Core) (only ROW-Navi installed - TBD) (no managed apps installed) | O15: AARS_IVI2_SBR_AC_DAB
A16: 068F (DL) | B16: 2 | D16: RFS_GEN3_11 rivie_nav_full (A-IVI_Scope3.0_Renault_Nav_Full) (only ROW-Navi installed - TBD) (manged apps installed) | O16: AARS_IVI2_SBR_AC_DARC
A17: 0691 (DL) | B17: 2 | D17: RFS_GEN3_12 rivie_da (A-IVI_Scope3.0_Renault_DA_Access) | O17: AARS_IVI2_SBR_AC_FM
A18: 0692 (Quad) | B18: 2 | D18: RFS_GEN3_13 rivie_da_core (A-IVI_Scope3.0_Renault_DA_Affordable/Core) | O18: AARS_IVI2_SBR_AC_HD
A19: 0693 (Single) | B19: 1 | D19: RFS_GEN3_20 (Scope3.1_Nissan_reserved_DA)
A20: 0694 (DL) | B20: 2 | D20: RFS_GEN3_21 rnaivi_nav_high (Scope3.1_Nissan_reserved_NAV) (A-IVI_Scope3.1_Nissan_Nav_MID) (ROW-Navi and JPN-Navi installed in parallel) (no China-Encoder installed)
A21: 0695 (Single) | B21: 1 | D21: RFS_GEN3_21J rnaivi_nav_jpn (A-IVI_Scope3.*_Nissan_Nav_MID ??? res) (BOSCH, KOR and JPN-Navi installed)
A22: 0696 (Quad) | B22: 2 | D22: RFS_GEN3_22 divie_da_core (A-IVI_Scope3.0_Daimler_DA_Affordable/Core)
A23: 0697 (DL) | B23: 2
A24: 0698 (Quad) | B24: 2
A25: 0699 (DL) | B25: 1
A26: 069A (Quad) | B26: 4
A27: 069B (Single) | B27: 1 | D27: RFS_GEN4_8 npivi2_nav (P-IVI2_Nissan_Nav*)
A28: 069C (DL) | B28: 2 | D28: RFS_GEN4_9 npivi2_da (P-IVI2_Nissan_DA*)
A29: 069D (Quad) | B29: 2 | D29: RFS_GEN4_11 rivie2_nav_full (A-IVI2_Renault_Nav_Full)
A30: 069E (Single) | B30: 1 | D30: RFS_GEN4_20 rnaivi2_da (A-IVI2_Nissan_DA*)
A31: 069F (DL) | B31: 2 | D31: RFS_GEN4_21 rnaivi2_nav (A-IVI2_Nissan_Nav*)
A32: 06A1 (Quad) | B32: 2 | D32: RFS_GEN4_21H rnaivi2_nav_high (A-IVI2_Nissan_Nav_H3)
A33: 06A2 (DL) | B33: 0.5 | D33: RFS_GEN4_21J rnaivi2_nav_jpn (A-IVI2_Nissan_Nav_Jpn)
A34: 06A3 (QuadPlus) | B34: 4 | D34: RFS_GEN4_30 mmcivi2_da (A-IVI2_Mitsubishi_DA*) | H34: CRQ140 erfindet die Core Nav, ist aber noch nicht bestätigt:
A35: 06A4 (QuadPlus) | B35: 2 | D35: RFS_GEN4_31 mmcivi2_nav (A-IVI2_Mitsubishi_Nav*) | H35: kein DA@Renault hat SDB
A36: 06A5 (QuadPlus) | D36: RFS_GEN4_31H mmcivi2_nav_high (A-IVI2_Mitsubishi_Nav_H3) | H36: alle DA mit DualLite sollen Obigo (Lite) bekommen
A37: 06A6 (DL) | B37: 1 | D37: RFS_GEN4_31J mmcivi2_nav_jpn (A-IVI2_Mitsubishi_Nav_Jpn) | H37: alle Navis (ausser Access) sollen Obigo bekommen
A38: 06A7 (DL) | B38: 2 | H38: Mid-Nav is identicall to Full-Nav
A39: 06A8 (Quad) | B39: 2 | H39: Entry-Nav is either Access-Nav oder Core-Nav (Core-Nav mean: Full-Nav-Feature adapted for Entry-HW)
A40: 0701 (Quad) | B40: 2
A41: 0702 (Quad) | B41: 2 | H41: According to Denny and VM DS V676:
A42: 0703 (Quad Plus) | B42: 2 | H42: All ST3.1 Nissan Navigations are Mid-Nav with High-Resolution
A43: 0704 (Quad) | B43: 2
A44: 0705 (QuadPlus) | B44: 2
A45: 0706 (Quad) | B45: 2
A46: 0707 (QuadPlus) | B46: 2

Sheet Sticks
A2: Sticks | B2: SW_Variant_ID / FCID
A3: Stick 1 | B3: 1
A4: Stick 1 | B4: 2
A5: Stick 4 | B5: 3
A6: Stick 4 | B6: 4
A7: Stick 5 | B7: 5
A8: Stick 1 | B8: 6
A9: Stick 1 | B9: 6
A10: Stick 5 | B10: 7
A11: Stick 5 | B11: 8
A12: Stick 5 | B12: 9
A13: Stick 4 | B13: 10
A14: Stick 3 | B14: 11
... A16: Stick 4 | B16: 13
B17: 14
A18: Stick 4 | B18: 15
B19: 16
B20: 17
A21: Stick 3 | B21: 18

Sheet Review Coding
A1: light green | B1: review ok in last iteration -> change to white before current review
A2: orange | B2: review nok in last iteration -> to be clarified/fixed -> if clarified/fixed change to yellow again
A3: yellow | B3: review needed, if ok change to light green, if nok change to orange
A4: gray | B4: lines with orphaned FCID, that is no partnumber anymore in this FCID -> we need to discuss if we delete/hide those lines.

Sheet Ressources
A2: Topic | B2: Hyperlink
A3: SDB regions | B3: https://hi-dms.de.bosch.com/docushare/dsweb/ServicesLib/Document-633905/History/
A4: Board-Ids | B4: https://hi-dms.de.bosch.com/docushare/dsweb/Services/Document-454721
A5: System Variant Table | B5: https://hi-dms.de.bosch.com/docushare/dsweb/Get/Document-734406/A-IVI-Variant-Matrix_v01.00_d66.xlsm
A6: Partition table

Sheet SDB vs GN
B2: According to Stefan Weber 26.04.2017 via eMail für Scope2.1:
C3: NAM/MEX | D3: SAM Arg/Chl | E3: Africa/SAF/AUS/NZ | F3: MEA/CA/ISR/IND | G3: EUR/MAG/TURK | H3: RUS | I3: JP/KOR | J3: APAC/TWN/PRC | K3: GOM/THAI/VIET
B4: SDB | C4: SDB_NAM | D4: SDB_LAC | E4: SDB_ASR | F4: SDB_GCC | G4: SDB_EUR | H4: SDB_RUS | I4: SDB_JPN | J4: SDB_PRC | K4: SDB_GOM
B5: Gracenote | C5: 727_NAM | D5: 735_LA | E5: 831 | F5: 731 | G5: 731_EUR | H5: 731 | I5: 831 | J5: 831_734 | K5: 831_734
A7: Scope2: | E7: ASR gibt es nicht | G7: für Australien | J7: 734 only
B10: die ST2.0/ST2.1 Unterscheidung schwirrte mir auch schon durch den Kopf.
B11: ST2.0 hat aktuell noch die alte Aufteilung, da stimmt meine Tabelle natürlich nicht. Da ist PRC à 734 und Australische Ausprägung mit EUR à 831.
A14: Be very carefull changing this mapping table:
A15: It will change the FCID-Table!!!
A16: No_SDB | B16: No_Gracenote
A17: AFR_SDB | B17: 831_AUSKRJPN
A18: CAS_SDB | B18: 731_EUR
A19: DA1_SDB | B19: 734_CN_831_AUSKRJPN
A20: DA2_SDB | B20: 735_LA_831_AUSKRJPN
A21: NAM_SDB | B21: 727_NAM
A22: LAC_SDB | B22: 735_LA
A23: ASR_SDB | B23: 831_AUSKRJPN
A24: GCC_SDB | B24: 731_EUR
A25: EUR_SDB | B25: 731_EUR
A26: EUL_SDB | B26: 731_EUR
A27: RUS_SDB | B27: 731_EUR
... A38: Invalid | B38: Invalid
B40: 734_CN_831_AUSKRJPN_CHENC
B41: 742_JPN_831_AUSKRJPN_CDDB | E41: Only PIVI with 128GB for JPN have CDDB. This is mutual exclusive to "Chenc".

Sheet Legend
A1: Review:
A2: Turn green fields to white
A3: Turn yellow fields to green (if ok) or to orange (if not ok). Add comment for review finding.
A4: Turn orange fields to yellow for next review cycle, if review finding seems to be fixed.
A5: Turn "unfixable" things to red. Possibly an action should follwow to block devices.
A7: Add new lines or change cells:
A8: Turn fields to yellow for review.
A10: Discard full lines for obsolete FCIDs:
A11: Discard line for obsolete part number.
A12: Turn line to grey if no part number is in the line anymore.
A14: Special:
A15: Keep color coding for "RFS as in Manifest"
... A21: Do not use. Entries still in work.
A23: 0.000.000.000-46 | B23: Dummy Entries which might be needed in the future. Should only be introduced if really likely

Sheet Hints
A1: 0488 | B1: New DL-Tooling. PF changed names of Jamplayer config files. Incompatibilty in InitRamFS. USB-Stick-Download will fail. Support for FCIDs >= 00AA (Renault SBX TSB1.BrgP)
A2: 0508 | B2: Support for FCIDs for Nissan TSB6.BrgP. Chenc to Gracenote partition.
A3: 0706 | B3: Support for FCIDs for Nissan TSB6.BrgP. First time support for Board-ID 0x06A3.
A4: 0724 | B4: Support for image-based RFS-Download. Still disabled. First "Compatibility-Jump-Gate" for the time when the feature is enabled. Beginning of RFS-Consolidation.
A5: 0730 | B5: Consolidation of RFS-Names. Obigo implemented but disabled for Renault 16GB-Entry-Nav.
A6: 0514 | B6: Sync with 0730. Removed China-RFS.
A7: 0734 | B7: Support for FCIDs for Nissan TSB7.BrgP. Support for FCIDs for Renault DSB4.Hi. Unfortunately some Board-Ids were not supported by the manifest.xml
A8: 0515 | B8: Support for FCIDs for Nissan TSB7.BrgP. Support for FCIDs for Renault DSB4.Hi.
A9: 0736 | B9: FCIDs for Nissan: TSB8.BrgP, TSB9.BrgP(ST2.0), TSB10.PgP1, TSB11.PgP1, DSB11.1.Hi, DSB11.2.Hi, PP9.PgP1, PP10.PgP1 // Renault: TSB1.BrgP // Sync with N-VM-DS v556 R-VM-DS v199 P-VM-DS v87 // Fixes
A10: 0517 | B10: FCIDs for Nissan: TSB8.BrgP, TSB9.BrgP(ST2.0), TSB10.PgP1, TSB11.PgP1, DSB11.1.Hi, DSB11.2.Hi, PP9.PgP1, PP10.PgP1 // Renault: TSB1.BrgP // Sync with N-VM-DS v556 R-VM-DS v199 P-VM-DS v87 // Fixes
A11: 0744 | B11: Implements new SDB/GCN according to CRQ 0277
A12: 0746 | B12: FCIDs for Nissan PIVI: TSB1.PgP1 (C-Sample)
... A41: <= 2454 | B41: Wrong Partition Schema in FCID 0x01B9. Correction happened in VM without notices.
A43: Kalpuri Sainath (RBEI/ECF2), 03.03.2021:
A44: PF 20.1S: 20.1S2021.07
A45: PF 20.0F/21.0F: BASE_RFS_RCAR3_20.0F30
A46: PF 20.1C: Not yet updated, No Go from Peter Vogel
